image_link,group_id,entity_name,entity_value
https://m.media-amazon.com/images/I/61-gfAFLDxL.jpg,179080,voltage,48.0 volt
https://m.media-amazon.com/images/I/61uXhxtbulL.jpg,709627,voltage,3.8 volt
https://m.media-amazon.com/images/I/81hJMRr0OkL.jpg,709627,voltage,3.82 volt
https://m.media-amazon.com/images/I/61CoiJ6CUDL.jpg,709627,voltage,3.7 volt
https://m.media-amazon.com/images/I/71G6UYr2cjL.jpg,752266,wattage,60.0 watt
https://m.media-amazon.com/images/I/51GXttVDETL.jpg,271537,voltage,"[220.0, 240.0] volt"
https://m.media-amazon.com/images/I/51Ecx433gNL.jpg,271537,voltage,"[220.0, 240.0] volt"
https://m.media-amazon.com/images/I/719wb94yzGL.jpg,635528,voltage,5.0 volt
https://m.media-amazon.com/images/I/61FnXpStJcL.jpg,752266,voltage,"[220.0, 240.0] volt"
https://m.media-amazon.com/images/I/516GfDUMOiL.jpg,709627,voltage,5.0 volt
https://m.media-amazon.com/images/I/61Vm+J1e3xL.jpg,955292,wattage,20.0 watt
https://m.media-amazon.com/images/I/71Wc+1ywH+L.jpg,179080,wattage,250.0 watt
https://m.media-amazon.com/images/I/51ZpARXmu+L.jpg,641642,wattage,8.0 watt
https://m.media-amazon.com/images/I/513GikaDLyL.jpg,746096,voltage,1.0 volt
https://m.media-amazon.com/images/I/61yuOsJkkdS.jpg,709627,voltage,"[4.5, 8.0] volt"
https://m.media-amazon.com/images/I/71VsXg2Q8fL.jpg,641642,voltage,5.0 volt
https://m.media-amazon.com/images/I/51VToccQ0TL.jpg,267182,voltage,12.0 volt
https://m.media-amazon.com/images/I/41Oi-OzqrcL.jpg,709627,voltage,3.7 volt
https://m.media-amazon.com/images/I/7162L02JYwL.jpg,648011,voltage,120.0 volt
https://m.media-amazon.com/images/I/61TIZOY2cVL.jpg,860821,wattage,4.0 watt
https://m.media-amazon.com/images/I/51HFIGnJnkL.jpg,271537,voltage,12.0 volt
https://m.media-amazon.com/images/I/71QzClf4IjL.jpg,752266,wattage,60.0 watt
https://m.media-amazon.com/images/I/51Cd+lg-fRL.jpg,709627,voltage,7.2 volt
https://m.media-amazon.com/images/I/61DCFXjkKbL.jpg,709627,voltage,3.85 volt
https://m.media-amazon.com/images/I/61ERoHRdcnL.jpg,752266,wattage,60.0 watt
https://m.media-amazon.com/images/I/71r4qwg4cTL.jpg,140266,voltage,5.0 volt
https://m.media-amazon.com/images/I/6170oPe1huL.jpg,957050,wattage,140.0 watt
https://m.media-amazon.com/images/I/511TlONgQbL.jpg,860821,voltage,5.0 volt
https://m.media-amazon.com/images/I/618RQY8MNnL.jpg,752266,voltage,"[85.0, 265.0] volt"
https://m.media-amazon.com/images/I/61gwlVSSI0L.jpg,318770,wattage,10.0 watt
https://m.media-amazon.com/images/I/51BqDWezD+L.jpg,318770,wattage,66.0 watt
https://m.media-amazon.com/images/I/71JU1h-SpzL.jpg,752266,voltage,240.0 volt
https://m.media-amazon.com/images/I/51BvCIHcgSL.jpg,641642,voltage,220.0 volt
https://m.media-amazon.com/images/I/619-44rVS-L.jpg,752266,voltage,"[85.0, 265.0] volt"
https://m.media-amazon.com/images/I/61ZIxwNRjSL.jpg,416664,wattage,1.3 watt
https://m.media-amazon.com/images/I/61GKVH2EwFL.jpg,641642,wattage,73843.0 watt
https://m.media-amazon.com/images/I/61agZjfQ+4L.jpg,318770,wattage,60.0 watt
https://m.media-amazon.com/images/I/61QzTKTGKHL.jpg,318770,wattage,60.0 watt
https://m.media-amazon.com/images/I/610mS7b0GZL.jpg,318770,wattage,40.0 watt
https://m.media-amazon.com/images/I/81Got-eUJKL.jpg,179080,wattage,350.0 watt
https://m.media-amazon.com/images/I/714lyecIiRL.jpg,179080,voltage,48.0 volt
https://m.media-amazon.com/images/I/71KJLyBRLZL.jpg,641642,voltage,1.2 volt
https://m.media-amazon.com/images/I/9184R8TjNXL.jpg,648011,wattage,40.0 watt
https://m.media-amazon.com/images/I/61cyErmoZXL.jpg,752266,voltage,5.0 volt
https://m.media-amazon.com/images/I/71hdQd1V7rL.jpg,752266,wattage,9.0 watt
https://m.media-amazon.com/images/I/41cJ7F9wbOL.jpg,709627,voltage,3.8 volt
https://m.media-amazon.com/images/I/818tK+qQxkL.jpg,752266,voltage,"[220.0, 240.0] volt"
https://m.media-amazon.com/images/I/719TAPPS4lL.jpg,752266,voltage,110.0 volt
https://m.media-amazon.com/images/I/71XJ6PguHQL.jpg,752266,voltage,3.2 volt
https://m.media-amazon.com/images/I/61KiCBvvdlL.jpg,641642,voltage,5.0 volt
https://m.media-amazon.com/images/I/71W7WvEFKhL.jpg,179080,voltage,36.0 volt
https://m.media-amazon.com/images/I/612ZYNNii7L.jpg,752266,wattage,25.0 watt
https://m.media-amazon.com/images/I/71n3Yifxx6L.jpg,648011,voltage,"[110.0, 120.0] volt"
https://m.media-amazon.com/images/I/712Y6VrtxkL.jpg,416664,wattage,1.0 watt
https://m.media-amazon.com/images/I/81PQFW0CE-L.jpg,271537,voltage,0.9166666666666666 volt
https://m.media-amazon.com/images/I/61FLrSjJQkL.jpg,752266,voltage,12.0 volt
https://m.media-amazon.com/images/I/61NW78Xtp8L.jpg,648011,voltage,110.0 volt
https://m.media-amazon.com/images/I/81R+csmOukL.jpg,997176,voltage,"[220.0, 240.0] volt"
https://m.media-amazon.com/images/I/71TaS+B+eTL.jpg,179080,voltage,48.0 volt
https://m.media-amazon.com/images/I/715O6vGOHbS.jpg,648011,voltage,240.0 volt
https://m.media-amazon.com/images/I/71LuKdVsEiS.jpg,892291,wattage,60.0 watt
https://m.media-amazon.com/images/I/41OLX0toaWL.jpg,709627,voltage,3.8 volt
https://m.media-amazon.com/images/I/71jyJFzTkqL.jpg,752266,wattage,60.0 watt
https://m.media-amazon.com/images/I/611A6e67HGL.jpg,416664,wattage,0.4 watt
https://m.media-amazon.com/images/I/61is6XM-XhL.jpg,709627,voltage,"[100.0, 240.0] volt"
https://m.media-amazon.com/images/I/71MBuaNsZcL.jpg,709627,voltage,20.0 volt
https://m.media-amazon.com/images/I/519wmO-XxzL.jpg,955292,wattage,2.0 watt
https://m.media-amazon.com/images/I/819DikplUPL.jpg,140266,voltage,5.0 volt
https://m.media-amazon.com/images/I/714+eQ0+1zL.jpg,318770,wattage,18.0 watt
https://m.media-amazon.com/images/I/51Q-zDJ328L.jpg,318770,wattage,100.0 watt
https://m.media-amazon.com/images/I/712xM3zVO6L.jpg,641642,voltage,12.0 volt
https://m.media-amazon.com/images/I/71qVxbQeBoL.jpg,752266,wattage,83.0 watt
https://m.media-amazon.com/images/I/71Cqav7q8wL.jpg,648011,voltage,"[220.0, 240.0] volt"
https://m.media-amazon.com/images/I/41r2lTArMbL.jpg,318770,wattage,66.0 watt
https://m.media-amazon.com/images/I/81yAtJEa0IL.jpg,179080,wattage,250.0 watt
https://m.media-amazon.com/images/I/71FeNBh9WqL.jpg,318770,wattage,720.0 horsepower
https://m.media-amazon.com/images/I/713ZG4hy6xL.jpg,140266,voltage,5.0 volt
https://m.media-amazon.com/images/I/615U+DzCkDL.jpg,641642,voltage,12.0 volt
https://m.media-amazon.com/images/I/61s-uWR6HGL.jpg,752266,wattage,6.0 watt
https://m.media-amazon.com/images/I/61PKmGdNc0L.jpg,752266,wattage,"[40.0, 60.0] watt"
https://m.media-amazon.com/images/I/713yvtlZ-jL.jpg,267182,voltage,2.0 volt
https://m.media-amazon.com/images/I/81k-Gj54nmL.jpg,641642,voltage,30.0 volt
https://m.media-amazon.com/images/I/51U2uyB7v5L.jpg,412008,voltage,230.0 volt
https://m.media-amazon.com/images/I/81zWw2Jmm3L.jpg,179080,voltage,48.0 volt
https://m.media-amazon.com/images/I/71q-v4eICYL.jpg,752266,wattage,40.0 watt
https://m.media-amazon.com/images/I/71OKzP48JpL.jpg,318770,wattage,60.0 watt
https://m.media-amazon.com/images/I/61hzsWa32cL.jpg,179080,voltage,48.0 volt
https://m.media-amazon.com/images/I/81Q2MYF41OL.jpg,501250,voltage,250.0 volt
https://m.media-amazon.com/images/I/91gHFxFikBL.jpg,318770,wattage,30.0 watt
https://m.media-amazon.com/images/I/91TzOm9-HUL.jpg,416664,wattage,24.0 watt
https://m.media-amazon.com/images/I/71zChmRWq1L.jpg,179080,voltage,48.0 volt
https://m.media-amazon.com/images/I/81oI9uxs-hL.jpg,318770,wattage,1.0 watt
https://m.media-amazon.com/images/I/81C7IiVfvIL.jpg,407921,wattage,1.0 watt
https://m.media-amazon.com/images/I/71NRDzS2NAL.jpg,179080,wattage,250.0 watt
https://m.media-amazon.com/images/I/71EVBcH-YWL.jpg,709627,voltage,3.85 volt
https://m.media-amazon.com/images/I/61jK+cGmvoL.jpg,648011,voltage,"[200.0, 240.0] volt"
https://m.media-amazon.com/images/I/61QaYVdydjL.jpg,416664,wattage,35.0 watt
https://m.media-amazon.com/images/I/715mCs8G8KL.jpg,179080,wattage,400.0 watt
https://m.media-amazon.com/images/I/71jmlAgdowL.jpg,860821,voltage,"[120.0, 280.0] volt"
https://m.media-amazon.com/images/I/61LPEmFiUTL.jpg,271537,voltage,"[220.0, 240.0] volt"
https://m.media-amazon.com/images/I/61s0kxGXmKL.jpg,318770,wattage,60.0 watt
https://m.media-amazon.com/images/I/81LZxjb+-9L.jpg,752266,wattage,80.0 watt
https://m.media-amazon.com/images/I/51FNmmU0WmL.jpg,709627,voltage,3.85 volt
https://m.media-amazon.com/images/I/718J201eSOL.jpg,752266,voltage,"[85.0, 256.0] volt"
https://m.media-amazon.com/images/I/71hHzwxv3XL.jpg,860821,wattage,28.0 watt
https://m.media-amazon.com/images/I/71T+doFnZWL.jpg,140266,voltage,1.5 volt
https://m.media-amazon.com/images/I/61WBy0o5-eL.jpg,271537,voltage,240.0 volt
https://m.media-amazon.com/images/I/61km3fnwmOL.jpg,416664,wattage,7.0 watt
https://m.media-amazon.com/images/I/71n2FGcozyL.jpg,752266,wattage,60.0 watt
https://m.media-amazon.com/images/I/611Oo8UbCcL.jpg,318770,wattage,60.0 watt
https://m.media-amazon.com/images/I/61a6g-hs8RL.jpg,271537,voltage,"[100.0, 240.0] volt"
https://m.media-amazon.com/images/I/81xNZkpXYbL.jpg,271537,voltage,6.0 volt
https://m.media-amazon.com/images/I/71bUOYYjggS.jpg,648011,voltage,110.0 volt
https://m.media-amazon.com/images/I/61zuLsuqbRL.jpg,752266,wattage,24.0 watt
https://m.media-amazon.com/images/I/51MC7ZkfYmL.jpg,271537,voltage,220.0 volt
https://m.media-amazon.com/images/I/71arjlWNBZL.jpg,752266,wattage,60.0 watt
https://m.media-amazon.com/images/I/710-yPGxb4L.jpg,318770,wattage,100.0 watt
https://m.media-amazon.com/images/I/71o9rSp5HVL.jpg,983323,voltage,31221121.0 volt
https://m.media-amazon.com/images/I/81k6E1r2iLL.jpg,752266,voltage,12.0 volt
https://m.media-amazon.com/images/I/71iK1lC5j6L.jpg,179080,voltage,48.0 volt
https://m.media-amazon.com/images/I/51kr+bC0gQL.jpg,318770,wattage,600.0 watt
https://m.media-amazon.com/images/I/41cGgV2-dpL.jpg,271537,voltage,12.0 volt
https://m.media-amazon.com/images/I/61nRa0ZsyZL.jpg,318770,wattage,60.0 watt
https://m.media-amazon.com/images/I/71avbA5xGDL.jpg,648011,voltage,"[220.0, 240.0] volt"
https://m.media-amazon.com/images/I/81BY4eIEskL.jpg,179080,voltage,36.0 volt
https://m.media-amazon.com/images/I/619ivWf2YES.jpg,179080,wattage,500.0 watt
https://m.media-amazon.com/images/I/512l2b+DSxL.jpg,752266,wattage,50.0 watt
https://m.media-amazon.com/images/I/51L609d+0-L.jpg,648011,voltage,"[110.0, 120.0] volt"
https://m.media-amazon.com/images/I/71lXR4WhjmS.jpg,318770,wattage,100.0 watt
https://m.media-amazon.com/images/I/91XIHz7uO1L.jpg,271537,voltage,24.0 volt
https://m.media-amazon.com/images/I/81yk8K-u5+L.jpg,746096,voltage,5.0 volt
https://m.media-amazon.com/images/I/716EpT2XTvL.jpg,271537,voltage,120.0 volt
https://m.media-amazon.com/images/I/61EdLrgoa6L.jpg,752266,wattage,42.0 watt
https://m.media-amazon.com/images/I/61DygX+aF8L.jpg,271537,voltage,12.0 volt
https://m.media-amazon.com/images/I/61y173py1HL.jpg,752266,wattage,70.0 watt
https://m.media-amazon.com/images/I/61G9RYijHmL.jpg,416664,wattage,18.0 watt
https://m.media-amazon.com/images/I/518akKcdr8L.jpg,709627,voltage,3.7 volt
https://m.media-amazon.com/images/I/71jme50mdbL.jpg,271537,voltage,0.5783132530120482 volt
https://m.media-amazon.com/images/I/81ZBk5F+KDL.jpg,140266,voltage,5.0 volt
https://m.media-amazon.com/images/I/81Xwio7WU6L.jpg,179080,voltage,48.0 volt
https://m.media-amazon.com/images/I/715oofbhTkL.jpg,179080,voltage,36.0 volt
https://m.media-amazon.com/images/I/71w0DvW4MEL.jpg,641642,voltage,2.0 volt
https://m.media-amazon.com/images/I/81oGFhMadKL.jpg,318770,wattage,60.0 watt
https://m.media-amazon.com/images/I/61oQWOLvUHL.jpg,501250,voltage,120.0 volt
https://m.media-amazon.com/images/I/71rz9Fq0CYL.jpg,952353,voltage,5.0 volt
https://m.media-amazon.com/images/I/71DZWZGtVTL.jpg,955292,wattage,100.0 watt
https://m.media-amazon.com/images/I/71Y0khK3t3S.jpg,709627,voltage,4.0 volt
https://m.media-amazon.com/images/I/71Qt-vF6FAL.jpg,709627,voltage,11.1 volt
https://m.media-amazon.com/images/I/71yyS4KeWGL.jpg,709627,voltage,5.0 volt
https://m.media-amazon.com/images/I/71qqZlk6EeL.jpg,271537,voltage,12.0 volt
https://m.media-amazon.com/images/I/81oOKKyDzRL.jpg,271537,voltage,"[220.0, 240.0] volt"
https://m.media-amazon.com/images/I/81Zb9WUNbEL.jpg,752266,wattage,40.0 watt
https://m.media-amazon.com/images/I/81Aze4lmNeL.jpg,271537,voltage,115.0 volt
https://m.media-amazon.com/images/I/61a6dcuTtPL.jpg,709627,voltage,3.8 volt
https://m.media-amazon.com/images/I/71vN4SVUPLL.jpg,416664,wattage,3.0 watt
https://m.media-amazon.com/images/I/81gYokeX4xL.jpg,983323,voltage,2.5 volt
https://m.media-amazon.com/images/I/51InUxuD1OL.jpg,271537,voltage,"[220.0, 240.0] volt"
https://m.media-amazon.com/images/I/515GyNhxKoL.jpg,957050,wattage,50.0 watt
https://m.media-amazon.com/images/I/618mlW6yYEL.jpg,271537,voltage,12.0 volt
https://m.media-amazon.com/images/I/6129H+YhNIL.jpg,271537,voltage,220.0 volt
https://m.media-amazon.com/images/I/71TyM5hiUrL.jpg,179080,voltage,48.0 volt
https://m.media-amazon.com/images/I/71tpkY5460L.jpg,648011,voltage,240.0 volt
https://m.media-amazon.com/images/I/81be9X9KhFL.jpg,179080,voltage,48.0 volt
https://m.media-amazon.com/images/I/617uyiUVqhL.jpg,752266,wattage,60.0 watt
https://m.media-amazon.com/images/I/71IPpoiYrcL.jpg,752266,wattage,20.0 watt
https://m.media-amazon.com/images/I/61eOjOX4mFL.jpg,140266,voltage,220.0 volt
https://m.media-amazon.com/images/I/81QrfdvjTLL.jpg,641642,voltage,5.0 volt
https://m.media-amazon.com/images/I/71s5JM0eWPL.jpg,752266,wattage,8.0 watt
https://m.media-amazon.com/images/I/41NJVeEAKqL.jpg,752266,wattage,10.0 watt
https://m.media-amazon.com/images/I/61J4nkppaNL.jpg,271537,voltage,12.0 volt
https://m.media-amazon.com/images/I/71ylFxb2l7L.jpg,752266,voltage,5.0 volt
https://m.media-amazon.com/images/I/51PMLHTPZuL.jpg,124643,wattage,"[2.0, 8.0] watt"
https://m.media-amazon.com/images/I/71gAAQqeSIL.jpg,318770,wattage,100.0 watt
https://m.media-amazon.com/images/I/81UiNWFPqkL.jpg,752266,wattage,50.0 watt
https://m.media-amazon.com/images/I/71BrH3xp28L.jpg,271537,voltage,0.9565217391304348 volt
https://m.media-amazon.com/images/I/81OGRYEE6cL.jpg,752266,wattage,100.0 watt
https://m.media-amazon.com/images/I/71ZecekCx4L.jpg,271537,voltage,120.0 volt
https://m.media-amazon.com/images/I/71Q5RkGSffL.jpg,746096,wattage,194.0 watt
https://m.media-amazon.com/images/I/614C6WX7L5L.jpg,416664,wattage,9.0 watt
https://m.media-amazon.com/images/I/61PWe2nwk4L.jpg,752266,voltage,"[85.0, 265.0] volt"
https://m.media-amazon.com/images/I/61F8WrJnWqL.jpg,271537,voltage,9.0 volt
https://m.media-amazon.com/images/I/716wgjydWPL.jpg,318770,wattage,100.0 watt
https://m.media-amazon.com/images/I/81VTG7fdInL.jpg,752266,voltage,"[85.0, 265.0] volt"
https://m.media-amazon.com/images/I/718XTyoyV7L.jpg,752266,voltage,"[56.0, 66.0] volt"
https://m.media-amazon.com/images/I/615gTIApxzL.jpg,271537,voltage,24.0 volt
https://m.media-amazon.com/images/I/81YgD+yUF7L.jpg,641642,voltage,4.5 volt
https://m.media-amazon.com/images/I/71-eceg154L.jpg,318770,wattage,100.0 watt
https://m.media-amazon.com/images/I/71tzDeryEUL.jpg,318770,wattage,60.0 watt
https://m.media-amazon.com/images/I/51PCh7hydEL.jpg,752266,voltage,5.0 volt
https://m.media-amazon.com/images/I/51Xfr3gCyaL.jpg,955292,wattage,0.75 watt
https://m.media-amazon.com/images/I/71z2-Dfeu0L.jpg,752266,wattage,20.0 watt
https://m.media-amazon.com/images/I/81lbJg-YV7L.jpg,983323,voltage,"[80.0, 240.0] volt"
https://m.media-amazon.com/images/I/81HD+1IpkeL.jpg,318770,wattage,60.0 watt
https://m.media-amazon.com/images/I/71ZeiN4iyxL.jpg,986984,wattage,25.0 watt
https://m.media-amazon.com/images/I/41ulApMfdZL.jpg,648011,voltage,12.0 volt
https://m.media-amazon.com/images/I/61MGxDgdAvL.jpg,271537,voltage,92.0 volt
https://m.media-amazon.com/images/I/71K7u48BU4L.jpg,746096,wattage,2.0 watt
https://m.media-amazon.com/images/I/81wvSVxWQoL.jpg,318770,wattage,100.0 watt
https://m.media-amazon.com/images/I/61wxI1tOZTL.jpg,752266,voltage,"[85.0, 265.0] volt"
https://m.media-amazon.com/images/I/71iCSaWWrCL.jpg,983323,wattage,3.6 watt
https://m.media-amazon.com/images/I/61LiFnNwlcL.jpg,648011,voltage,"[220.0, 240.0] volt"
https://m.media-amazon.com/images/I/41F33rrReZL.jpg,892291,wattage,5.0 watt
https://m.media-amazon.com/images/I/718KHNnDopL.jpg,648011,voltage,120.0 volt
https://m.media-amazon.com/images/I/71BLz9WRQ2L.jpg,752266,wattage,50.0 watt
https://m.media-amazon.com/images/I/81Bl8bBZ2jL.jpg,709627,voltage,3.86 volt
https://m.media-amazon.com/images/I/61EjoOF9xJL.jpg,752266,voltage,"[110.0, 240.0] volt"
https://m.media-amazon.com/images/I/616NaAa+GiL.jpg,318770,wattage,20.0 watt
https://m.media-amazon.com/images/I/61fVo43MztL.jpg,140266,voltage,20.0 volt
https://m.media-amazon.com/images/I/51LvUZ853TL.jpg,752266,wattage,100.0 watt
https://m.media-amazon.com/images/I/71qkNRtY6qL.jpg,318770,wattage,1080.0 horsepower
https://m.media-amazon.com/images/I/61VOjVc6yjL.jpg,271537,voltage,21.0 volt
https://m.media-amazon.com/images/I/71UueYVGZeL.jpg,179080,voltage,48.0 volt
https://m.media-amazon.com/images/I/715YfcavFtL.jpg,416664,wattage,15.0 watt
https://m.media-amazon.com/images/I/61hUgRcwX-L.jpg,752266,voltage,110.0 volt
https://m.media-amazon.com/images/I/719owvMvtpL.jpg,179080,voltage,36.0 volt
https://m.media-amazon.com/images/I/411z19kVD+L.jpg,752266,wattage,40.0 watt
https://m.media-amazon.com/images/I/717u0iPx42L.jpg,501250,voltage,220.0 volt
https://m.media-amazon.com/images/I/61hVQ3yAKLL.jpg,752266,voltage,"[100.0, 240.0] volt"
https://m.media-amazon.com/images/I/61INNLBJXoL.jpg,892291,wattage,6401.0 horsepower
https://m.media-amazon.com/images/I/71esWo7IkuL.jpg,752266,voltage,1.2 volt
https://m.media-amazon.com/images/I/7113FfKiulL.jpg,752266,wattage,18.0 watt
https://m.media-amazon.com/images/I/812hwybGJvL.jpg,709627,voltage,18.0 volt
https://m.media-amazon.com/images/I/71xETES09YS.jpg,752266,voltage,2.0 volt
https://m.media-amazon.com/images/I/61Bl2rNXLxL.jpg,140266,voltage,24.0 volt
https://m.media-amazon.com/images/I/61f9MELdgAL.jpg,271537,voltage,"[110.0, 120.0] volt"
https://m.media-amazon.com/images/I/51DEoLy9DiL.jpg,709627,voltage,3.7 volt
https://m.media-amazon.com/images/I/71ETES-hArL.jpg,276700,voltage,24.0 volt
https://m.media-amazon.com/images/I/61NxDHjt+cL.jpg,271537,voltage,12.0 volt
https://m.media-amazon.com/images/I/71xEHIQ4RPL.jpg,752266,wattage,30.0 watt
https://m.media-amazon.com/images/I/51M41rrZctL.jpg,752266,wattage,24.0 watt
https://m.media-amazon.com/images/I/61lNm5aoA6L.jpg,271537,voltage,220.0 volt
https://m.media-amazon.com/images/I/61Hi2weurHL.jpg,752266,wattage,50.0 watt
https://m.media-amazon.com/images/I/71YA76OkJCL.jpg,501250,voltage,24.0 volt
https://m.media-amazon.com/images/I/61QapKc8+oL.jpg,641642,voltage,12.0 volt
https://m.media-amazon.com/images/I/81cmgJ0KGoL.jpg,140266,voltage,5.0 volt
https://m.media-amazon.com/images/I/81hSPvcVdQL.jpg,641642,voltage,12.0 volt
https://m.media-amazon.com/images/I/41k-mNykdeL.jpg,955292,wattage,100.0 watt
https://m.media-amazon.com/images/I/71jNtyRjG7L.jpg,271537,voltage,12.0 volt
https://m.media-amazon.com/images/I/61O-wakDZ1L.jpg,752266,voltage,120.0 volt
https://m.media-amazon.com/images/I/71x4sHejHbL.jpg,318770,wattage,100.0 watt
https://m.media-amazon.com/images/I/91UqAZV2KkL.jpg,952353,voltage,14.0 volt
https://m.media-amazon.com/images/I/61pSVAFb7KL.jpg,752266,voltage,5.0 volt
https://m.media-amazon.com/images/I/61oMB21URML.jpg,752266,voltage,"[100.0, 240.0] volt"
https://m.media-amazon.com/images/I/51kOOMvVLeL.jpg,318770,wattage,157.0 watt
https://m.media-amazon.com/images/I/51GBda4ciBL.jpg,860821,voltage,5.0 volt
https://m.media-amazon.com/images/I/81tEi-LC-LL.jpg,179080,wattage,500.0 watt
https://m.media-amazon.com/images/I/71KRGwPo+pL.jpg,318770,wattage,7.0 watt
https://m.media-amazon.com/images/I/512XjI0LFqL.jpg,271537,voltage,115.0 volt
https://m.media-amazon.com/images/I/71zfYwcapKL.jpg,752266,wattage,3.5 watt
https://m.media-amazon.com/images/I/81wzkVAHTTL.jpg,318770,wattage,10.0 watt
https://m.media-amazon.com/images/I/91QoAQxy4GL.jpg,752266,wattage,80.0 watt
https://m.media-amazon.com/images/I/718WeRreMYL.jpg,318770,wattage,100.0 watt
https://m.media-amazon.com/images/I/71q44H+MwJL.jpg,709627,voltage,25.6 volt
https://m.media-amazon.com/images/I/81qXRiY2v0L.jpg,752266,voltage,230.0 volt
https://m.media-amazon.com/images/I/61OMXP+FJZL.jpg,318770,wattage,20.0 watt
https://m.media-amazon.com/images/I/61+CZbxLfaL.jpg,641642,voltage,5.0 volt
https://m.media-amazon.com/images/I/71Vyc1fihmL.jpg,648011,wattage,5.5 watt
https://m.media-amazon.com/images/I/71riSbRj02L.jpg,648011,voltage,"[140.0, 300.0] volt"
https://m.media-amazon.com/images/I/41df0DlIdxL.jpg,983323,voltage,230.0 volt
https://m.media-amazon.com/images/I/71b21Xp14HL.jpg,641642,voltage,5.0 volt
https://m.media-amazon.com/images/I/7177vzVmoBL.jpg,318770,wattage,60.0 watt
https://m.media-amazon.com/images/I/61zK74cJaHL.jpg,752266,voltage,"[220.0, 240.0] volt"
https://m.media-amazon.com/images/I/61+TUZdUB7L.jpg,983323,voltage,5.0 volt
https://m.media-amazon.com/images/I/61udh4+HAxL.jpg,752266,voltage,"[110.0, 240.0] volt"
https://m.media-amazon.com/images/I/71Rn67pIC2L.jpg,318770,wattage,15.0 watt
https://m.media-amazon.com/images/I/71zzbWwTY4L.jpg,752266,wattage,150.0 watt
https://m.media-amazon.com/images/I/91ukbkJectL.jpg,271537,voltage,230.0 volt
https://m.media-amazon.com/images/I/61Q+G5BpSVL.jpg,752266,voltage,"[110.0, 265.0] volt"
https://m.media-amazon.com/images/I/61FvR9U+vJL.jpg,416664,wattage,3.0 watt
https://m.media-amazon.com/images/I/61NVbbdlZXL.jpg,179080,wattage,250.0 watt
https://m.media-amazon.com/images/I/811N5xb4wSL.jpg,318770,wattage,802.3 watt
https://m.media-amazon.com/images/I/61Pdk7OwZKL.jpg,986984,wattage,28.0 watt
https://m.media-amazon.com/images/I/71M4yC9kLaL.jpg,752266,voltage,110.0 volt
https://m.media-amazon.com/images/I/71zDuE5GWKL.jpg,957050,wattage,1.4 horsepower
https://m.media-amazon.com/images/I/61LMrZQtlFL.jpg,709627,voltage,3.82 volt
https://m.media-amazon.com/images/I/81PEq59cVBL.jpg,641642,voltage,120.0 volt
https://m.media-amazon.com/images/I/81w8Mq5sSBL.jpg,648011,voltage,120.0 volt
https://m.media-amazon.com/images/I/6176YU7tZsL.jpg,271537,voltage,12.0 volt
https://m.media-amazon.com/images/I/416ihTpqipL.jpg,709627,voltage,3.7 volt
https://m.media-amazon.com/images/I/71qdr1GOArL.jpg,752266,wattage,24.0 watt
https://m.media-amazon.com/images/I/61wM5+bHVUL.jpg,952353,voltage,24.0 volt
https://m.media-amazon.com/images/I/719-1gUmuzL.jpg,955292,wattage,120.0 watt
https://m.media-amazon.com/images/I/41wEbs1wqJL.jpg,271537,voltage,12.0 volt
https://m.media-amazon.com/images/I/816AnY+P3vL.jpg,179080,voltage,48.0 volt
https://m.media-amazon.com/images/I/717Tx6I1eZS.jpg,752266,voltage,"[180.0, 240.0] volt"
https://m.media-amazon.com/images/I/61A7+kvnLDL.jpg,641642,voltage,30.0 volt
https://m.media-amazon.com/images/I/51Z1GxhByiL.jpg,179080,voltage,48.0 volt
https://m.media-amazon.com/images/I/61v0UQNmQtL.jpg,892291,wattage,10.0 watt
https://m.media-amazon.com/images/I/91MPjeiKsHL.jpg,179080,voltage,24.0 volt
https://m.media-amazon.com/images/I/71qQldOUIUL.jpg,752266,wattage,60.0 watt
https://m.media-amazon.com/images/I/71kwc2ag5bL.jpg,752266,voltage,12.0 volt
https://m.media-amazon.com/images/I/61wyT8ziFkL.jpg,752266,wattage,5.0 watt
https://m.media-amazon.com/images/I/81qra9TK41L.jpg,635528,voltage,9.0 volt
https://m.media-amazon.com/images/I/51qKK2CbgvL.jpg,752266,voltage,240.0 volt
https://m.media-amazon.com/images/I/71W-FbXlYFL.jpg,179080,voltage,48.0 volt
https://m.media-amazon.com/images/I/51blJwghJBL.jpg,709627,voltage,5.0 volt
https://m.media-amazon.com/images/I/61wgwD71UxL.jpg,641642,wattage,73843.0 watt
https://m.media-amazon.com/images/I/71kZFQXwYSL.jpg,318770,wattage,87.0 watt
https://m.media-amazon.com/images/I/61ciL2eVYjL.jpg,641642,voltage,5.0 volt
https://m.media-amazon.com/images/I/714vriEJY0L.jpg,348551,wattage,3300.0 watt
https://m.media-amazon.com/images/I/81aD6QqYe4L.jpg,648011,voltage,"[170.0, 265.0] volt"
https://m.media-amazon.com/images/I/71Q0QMBfSFL.jpg,752266,wattage,18.0 watt
https://m.media-amazon.com/images/I/51ES02fggOL.jpg,267182,voltage,12.0 volt
https://m.media-amazon.com/images/I/61WeU2GZOjS.jpg,318770,wattage,45.0 watt
https://m.media-amazon.com/images/I/81i9eKrr8ZL.jpg,179080,wattage,750.0 watt
https://m.media-amazon.com/images/I/616dGm2B5ML.jpg,752266,wattage,42.0 watt
https://m.media-amazon.com/images/I/71AA-9shfvL.jpg,318770,wattage,60.0 watt
https://m.media-amazon.com/images/I/815LwUcmMLL.jpg,179080,wattage,250.0 watt
https://m.media-amazon.com/images/I/71A1GjoNLLL.jpg,752266,wattage,50.0 watt
https://m.media-amazon.com/images/I/61ojH+pbQwL.jpg,752266,voltage,110.0 volt
https://m.media-amazon.com/images/I/61m57LMO66L.jpg,752266,wattage,40.0 watt
https://m.media-amazon.com/images/I/61RKN82FMjL.jpg,752266,wattage,26.0 watt
https://m.media-amazon.com/images/I/61yffDEXsQL.jpg,860821,voltage,230.0 volt
https://m.media-amazon.com/images/I/71JcnbLMBcL.jpg,752266,voltage,"[210.0, 240.0] volt"
https://m.media-amazon.com/images/I/71Me5aD5-lL.jpg,746096,wattage,20.0 watt
https://m.media-amazon.com/images/I/716bUPoF8xL.jpg,179080,voltage,21.6 volt
https://m.media-amazon.com/images/I/71pfexfWddL.jpg,965518,voltage,21.0 volt
https://m.media-amazon.com/images/I/71tjO2CE8GL.jpg,752266,wattage,60.0 watt
https://m.media-amazon.com/images/I/61QrLqLKCDL.jpg,892291,wattage,5.0 watt
https://m.media-amazon.com/images/I/61Mvhxc+7OL.jpg,641642,wattage,13.0 watt
https://m.media-amazon.com/images/I/719h1HlYweL.jpg,318770,wattage,40.0 watt
https://m.media-amazon.com/images/I/6153svAV8rL.jpg,412008,wattage,8.0 watt
https://m.media-amazon.com/images/I/71jUm3teMwL.jpg,271537,voltage,12.0 volt
https://m.media-amazon.com/images/I/717htYDRBfL.jpg,746096,voltage,0.7222222222222222 volt
https://m.media-amazon.com/images/I/71ziPqYWRZL.jpg,271537,voltage,127.0 volt
https://m.media-amazon.com/images/I/71qGBM1pi6L.jpg,416664,wattage,1.5 watt
https://m.media-amazon.com/images/I/91GTbx7bxLL.jpg,746096,voltage,5.0 volt
https://m.media-amazon.com/images/I/61E8cD9gQtL.jpg,641642,voltage,5.0 volt
https://m.media-amazon.com/images/I/613sW1esULL.jpg,752266,wattage,75.0 watt
https://m.media-amazon.com/images/I/61TxgAskpaL.jpg,271537,voltage,12.0 volt
https://m.media-amazon.com/images/I/81WeLPKkaIL.jpg,752266,voltage,230.0 volt
https://m.media-amazon.com/images/I/61eLpWiHdxL.jpg,709627,voltage,4.35 volt
https://m.media-amazon.com/images/I/61ktPabG45L.jpg,752266,wattage,60.0 watt
https://m.media-amazon.com/images/I/71tY0RaVTOL.jpg,271537,voltage,20.0 volt
https://m.media-amazon.com/images/I/71P2RV4QtYL.jpg,641642,voltage,9.0 volt
https://m.media-amazon.com/images/I/71E3N5CFPrL.jpg,318770,wattage,100.0 watt
https://m.media-amazon.com/images/I/71PReVTy5bL.jpg,271537,voltage,120.0 volt
https://m.media-amazon.com/images/I/81klO4oFrFL.jpg,179080,voltage,36.0 volt
https://m.media-amazon.com/images/I/71bS1qmMRzL.jpg,276700,voltage,40.0 volt
https://m.media-amazon.com/images/I/610RSEr+ccL.jpg,416664,wattage,5.0 watt
https://m.media-amazon.com/images/I/61pthChp0LL.jpg,752266,wattage,90.0 watt
https://m.media-amazon.com/images/I/61AN2Yo6uIL.jpg,709627,voltage,17.4 volt
https://m.media-amazon.com/images/I/81xQpTTk1PL.jpg,179080,voltage,48.0 volt
https://m.media-amazon.com/images/I/71T4X076BtL.jpg,179080,wattage,1000.0 watt
https://m.media-amazon.com/images/I/61E9rEwK5EL.jpg,752266,wattage,40.0 watt
https://m.media-amazon.com/images/I/71TMSRScyUL.jpg,752266,wattage,60.0 watt
https://m.media-amazon.com/images/I/61thbbM1mlL.jpg,318770,wattage,100.0 watt
https://m.media-amazon.com/images/I/61Myy8ZAlfL.jpg,271537,voltage,5.0 volt
https://m.media-amazon.com/images/I/71w0ABFeoXL.jpg,955292,wattage,5.0 watt
https://m.media-amazon.com/images/I/61R4Z9imYKL.jpg,318770,wattage,25.0 watt
https://m.media-amazon.com/images/I/61VV3bO9fkL.jpg,983323,wattage,"[1.29, 2.39] watt"
https://m.media-amazon.com/images/I/71n3gDEXdlL.jpg,648011,voltage,"[220.0, 240.0] volt"
https://m.media-amazon.com/images/I/61s5sw8zLFL.jpg,318770,wattage,100.0 watt
https://m.media-amazon.com/images/I/91SCT3-+FNL.jpg,752266,voltage,"[100.0, 240.0] volt"
https://m.media-amazon.com/images/I/61WdoBk4C5L.jpg,276700,voltage,12.0 volt
https://m.media-amazon.com/images/I/71jU7aITwlL.jpg,140266,voltage,20.0 volt
https://m.media-amazon.com/images/I/91wlnl3xjjL.jpg,752266,voltage,"[220.0, 240.0] volt"
https://m.media-amazon.com/images/I/61jtFJve+XL.jpg,752266,wattage,12.0 watt
https://m.media-amazon.com/images/I/61R-DfcNrtL.jpg,709627,voltage,14.4 volt
https://m.media-amazon.com/images/I/61xn+7Hgb4L.jpg,416664,wattage,12.0 watt
https://m.media-amazon.com/images/I/61JiAx-F-iL.jpg,752266,wattage,500.0 watt
https://m.media-amazon.com/images/I/61BZiciFS2L.jpg,648011,voltage,120.0 volt
https://m.media-amazon.com/images/I/61JU6DpJTDL.jpg,641642,wattage,4.6 watt
https://m.media-amazon.com/images/I/61LhYs2glML.jpg,892291,wattage,12.0 watt
https://m.media-amazon.com/images/I/51U31EyBteL.jpg,318770,wattage,120.0 watt
https://m.media-amazon.com/images/I/81BCKuNpsrL.jpg,648011,voltage,120.0 volt
https://m.media-amazon.com/images/I/71ROB9sBIUL.jpg,752266,wattage,50.0 watt
https://m.media-amazon.com/images/I/617lDX6PUvL.jpg,752266,voltage,230.0 volt
https://m.media-amazon.com/images/I/71c7lCNvTFL.jpg,955292,wattage,720.0 horsepower
https://m.media-amazon.com/images/I/81ImB1gj8EL.jpg,892291,wattage,1234567890.0 kilowatt hour
https://m.media-amazon.com/images/I/714UgQ7fUuL.jpg,276700,wattage,96.0 watt
https://m.media-amazon.com/images/I/51YYu+UAYpL.jpg,892291,wattage,30.0 watt
https://m.media-amazon.com/images/I/51acIVkQNwL.jpg,752266,voltage,"[110.0, 240.0] volt"
https://m.media-amazon.com/images/I/715rdlZPaWL.jpg,179080,voltage,48.0 volt
https://m.media-amazon.com/images/I/61QPqVyTotL.jpg,318770,wattage,100.0 watt
https://m.media-amazon.com/images/I/81XcbZx0DaL.jpg,860821,wattage,4.0 watt
https://m.media-amazon.com/images/I/51NUkVFeQ+L.jpg,709627,voltage,3.82 volt
https://m.media-amazon.com/images/I/71hW8QjGjVL.jpg,752266,voltage,120.0 volt
https://m.media-amazon.com/images/I/715osgyr2WL.jpg,746096,voltage,5.0 volt
https://m.media-amazon.com/images/I/41XBFWDv98S.jpg,211213,wattage,700.0 watt
https://m.media-amazon.com/images/I/51ApQblhnDL.jpg,179080,wattage,250.0 watt
https://m.media-amazon.com/images/I/61W-fx7e5BL.jpg,140266,voltage,230.0 volt
https://m.media-amazon.com/images/I/81oHojFO5eL.jpg,860821,wattage,45.0 watt
https://m.media-amazon.com/images/I/71vi6fByP0L.jpg,709627,voltage,3.8 volt
https://m.media-amazon.com/images/I/71KLf6SK-yS.jpg,271537,voltage,120.0 volt
https://m.media-amazon.com/images/I/81Btx6Lu53L.jpg,179080,wattage,1000.0 watt
https://m.media-amazon.com/images/I/21BgOaMxlkL.jpg,709627,voltage,3.85 volt
https://m.media-amazon.com/images/I/719kGQTCXhL.jpg,318770,wattage,60.0 watt
https://m.media-amazon.com/images/I/71+H2eLtyJL.jpg,276700,wattage,96.0 watt
https://m.media-amazon.com/images/I/81+e7zlxVlL.jpg,752266,voltage,230.0 volt
https://m.media-amazon.com/images/I/61pjArrXCFL.jpg,318770,wattage,65.0 watt
https://m.media-amazon.com/images/I/81XycHOabwL.jpg,648011,voltage,12.0 volt
https://m.media-amazon.com/images/I/710hCldqmbL.jpg,752266,wattage,60.0 watt
https://m.media-amazon.com/images/I/51xQpw5nhhL.jpg,271537,voltage,120.0 volt
https://m.media-amazon.com/images/I/51TblO6N7NL.jpg,501250,voltage,230.0 volt
https://m.media-amazon.com/images/I/71pvXAM5PWL.jpg,179080,voltage,36.0 volt
https://m.media-amazon.com/images/I/61KbdFLPtpL.jpg,752266,wattage,3.0 watt
https://m.media-amazon.com/images/I/41A4PWmLWIL.jpg,140266,voltage,220.0 volt
https://m.media-amazon.com/images/I/71z20Y7xnaL.jpg,179080,wattage,250.0 watt
https://m.media-amazon.com/images/I/71q9dwwOjPL.jpg,752266,voltage,5.0 volt
https://m.media-amazon.com/images/I/719ZErvp4KL.jpg,179080,voltage,36.0 volt
https://m.media-amazon.com/images/I/71K5tO1zgEL.jpg,318770,wattage,100.0 watt
https://m.media-amazon.com/images/I/61E7GkCc8XL.jpg,892291,wattage,10.5 watt
https://m.media-amazon.com/images/I/71KOZIAE3AL.jpg,318770,wattage,100.0 watt
https://m.media-amazon.com/images/I/81HpNtRQJUL.jpg,179080,voltage,48.0 volt
https://m.media-amazon.com/images/I/71dWpu52qYL.jpg,140266,voltage,12.0 volt
https://m.media-amazon.com/images/I/61YYyacmbHL.jpg,860821,voltage,"[220.0, 240.0] volt"
https://m.media-amazon.com/images/I/61ZqVx-ifTL.jpg,892291,wattage,3.0 watt
https://m.media-amazon.com/images/I/71kHUgSYBzL.jpg,179080,wattage,1000.0 watt
https://m.media-amazon.com/images/I/6175zTg1bJL.jpg,860821,wattage,50.0 watt
https://m.media-amazon.com/images/I/61tu2gsAIYL.jpg,957050,wattage,1080.0 horsepower
https://m.media-amazon.com/images/I/611fuKs5puL.jpg,648011,voltage,"[220.0, 240.0] volt"
https://m.media-amazon.com/images/I/71lZV4aC5oL.jpg,641642,voltage,12.0 volt
https://m.media-amazon.com/images/I/71l8EgXkoGL.jpg,709627,voltage,48.0 volt
https://m.media-amazon.com/images/I/61VQrz1vUYL.jpg,271537,voltage,"[220.0, 240.0] volt"
https://m.media-amazon.com/images/I/61W6t4rNn4L.jpg,271537,voltage,12.0 volt
https://m.media-amazon.com/images/I/61ARVWgY6gL.jpg,752266,voltage,"[180.0, 240.0] volt"
https://m.media-amazon.com/images/I/61tv-zeGgXL.jpg,648011,voltage,12.8 volt
https://m.media-amazon.com/images/I/71FzLbCzJQL.jpg,271537,voltage,400.0 volt
https://m.media-amazon.com/images/I/51gbLMG-BXL.jpg,641642,voltage,12.0 volt
https://m.media-amazon.com/images/I/71COX+pAW-L.jpg,271537,voltage,230.0 volt
https://m.media-amazon.com/images/I/81iTDIdPH8L.jpg,983323,voltage,12.0 volt
https://m.media-amazon.com/images/I/71nHE-Gcs0L.jpg,892291,wattage,17.0 watt
https://m.media-amazon.com/images/I/615xTM4DSZL.jpg,955292,wattage,3.0 watt
https://m.media-amazon.com/images/I/71KTRrQyRZL.jpg,709627,voltage,110.0 volt
https://m.media-amazon.com/images/I/612m29R+AUL.jpg,752266,wattage,30.0 watt
https://m.media-amazon.com/images/I/61HXgujoxpL.jpg,752266,wattage,150.0 watt
https://m.media-amazon.com/images/I/51hhhSIXv9L.jpg,140266,voltage,3.7 volt
https://m.media-amazon.com/images/I/51TfiV6mPaL.jpg,641642,wattage,0.2 watt
https://m.media-amazon.com/images/I/81I2L5CcmXL.jpg,922709,wattage,150.0 watt
https://m.media-amazon.com/images/I/81gwz7sQRwL.jpg,318770,wattage,100.0 watt
https://m.media-amazon.com/images/I/61g0vLbUSFL.jpg,416664,wattage,24.0 watt
https://m.media-amazon.com/images/I/71tagfcVx7L.jpg,641642,voltage,24.0 volt
https://m.media-amazon.com/images/I/71s9MVaoZkL.jpg,318770,wattage,60.0 watt
https://m.media-amazon.com/images/I/5181dQMt9IL.jpg,648011,voltage,230.0 volt
https://m.media-amazon.com/images/I/61H6J2c3AQL.jpg,752266,wattage,15.0 watt
https://m.media-amazon.com/images/I/51wxqC4OwJL.jpg,752266,wattage,20.0 watt
https://m.media-amazon.com/images/I/71L+1ZGMDsL.jpg,271537,voltage,5.0 volt
https://m.media-amazon.com/images/I/71cr0Les-UL.jpg,416664,wattage,11.0 watt
https://m.media-amazon.com/images/I/61ptakaDcnL.jpg,892291,wattage,20.0 watt
https://m.media-amazon.com/images/I/814mxDMZLNL.jpg,752266,voltage,2.0 volt
https://m.media-amazon.com/images/I/7127qfN-ggL.jpg,186035,voltage,5.0 volt
https://m.media-amazon.com/images/I/61t4jsAuU+L.jpg,648011,voltage,100.0 volt
https://m.media-amazon.com/images/I/61l7XxE2VWL.jpg,752266,wattage,300.0 watt
https://m.media-amazon.com/images/I/81taqdk73VL.jpg,709627,voltage,3.7 volt
https://m.media-amazon.com/images/I/71iIr9GeQwL.jpg,140266,voltage,"[100.0, 240.0] volt"
https://m.media-amazon.com/images/I/61yi3efTZyL.jpg,752266,wattage,60.0 watt
https://m.media-amazon.com/images/I/91zeDUr7y1L.jpg,318770,wattage,1080.0 horsepower
https://m.media-amazon.com/images/I/71bHnAO9AcL.jpg,922709,voltage,11.0 volt
https://m.media-amazon.com/images/I/71fmUhf-laL.jpg,752266,wattage,20.0 watt
https://m.media-amazon.com/images/I/71pNQZDXSrL.jpg,752266,voltage,"[110.0, 120.0] volt"
https://m.media-amazon.com/images/I/71erktqfZOL.jpg,892291,wattage,58.0 watt
https://m.media-amazon.com/images/I/51yEVgff6RL.jpg,416664,wattage,0.5 watt
https://m.media-amazon.com/images/I/61hojo32OEL.jpg,752266,voltage,"[110.0, 120.0] volt"
https://m.media-amazon.com/images/I/71yW0h5mkaL.jpg,412008,wattage,2500.0 watt
https://m.media-amazon.com/images/I/91LH4nZfHvL.jpg,752266,wattage,24.0 watt
https://m.media-amazon.com/images/I/81Lm4BlOirL.jpg,752266,wattage,3.0 watt
https://m.media-amazon.com/images/I/71lpF6R1F4L.jpg,752266,voltage,"[85.0, 265.0] volt"
https://m.media-amazon.com/images/I/71qXEzESJZL.jpg,179080,voltage,48.0 volt
https://m.media-amazon.com/images/I/712-C-0ExkL.jpg,271537,voltage,120.0 volt
https://m.media-amazon.com/images/I/81yRID4wZ1L.jpg,752266,wattage,30.0 watt
https://m.media-amazon.com/images/I/61sH8X3X0jL.jpg,752266,wattage,10.0 watt
https://m.media-amazon.com/images/I/91Z9S-Cj87L.jpg,416664,wattage,60.0 watt
https://m.media-amazon.com/images/I/71D2M-HdpWL.jpg,752266,wattage,87016.0 watt
https://m.media-amazon.com/images/I/51y-PacjLML.jpg,752266,voltage,"[220.0, 240.0] volt"
https://m.media-amazon.com/images/I/71TTf5TcpmL.jpg,746096,wattage,2.0 watt
https://m.media-amazon.com/images/I/712g8MOOGQL.jpg,752266,wattage,20.0 watt
https://m.media-amazon.com/images/I/711QmMafVDL.jpg,752266,wattage,180.0 watt
https://m.media-amazon.com/images/I/71wMMFAD2nL.jpg,318770,wattage,240.0 watt
https://m.media-amazon.com/images/I/914WQRZqEuL.jpg,746096,voltage,12.0 volt
https://m.media-amazon.com/images/I/81zl8xAT3YL.jpg,752266,wattage,5.0 watt
https://m.media-amazon.com/images/I/715ciVemxPL.jpg,752266,wattage,60.0 watt
https://m.media-amazon.com/images/I/61B7TKGRk-L.jpg,318770,wattage,2300.0 watt
https://m.media-amazon.com/images/I/61xrWy4QIZL.jpg,752266,wattage,5.0 watt
https://m.media-amazon.com/images/I/61ZMgW9GHdL.jpg,318770,wattage,100.0 watt
https://m.media-amazon.com/images/I/51GnOrEsIUL.jpg,752266,wattage,42.0 watt
https://m.media-amazon.com/images/I/41JJv9stzEL.jpg,709627,voltage,3.7 volt
https://m.media-amazon.com/images/I/715SzF3+qBL.jpg,752266,voltage,5.0 volt
https://m.media-amazon.com/images/I/61rYR290PGL.jpg,140266,voltage,"[0.0, 10.0] volt"
https://m.media-amazon.com/images/I/71+w75lkqvL.jpg,412008,wattage,40.0 watt
https://m.media-amazon.com/images/I/61t2DDrL1FL.jpg,318770,wattage,2.0 watt
https://m.media-amazon.com/images/I/618M27raI2L.jpg,709627,voltage,10.8 volt
https://m.media-amazon.com/images/I/61sQbF3hNWL.jpg,752266,voltage,220.0 volt
https://m.media-amazon.com/images/I/71bg3IOM87L.jpg,271537,voltage,12.0 volt
https://m.media-amazon.com/images/I/711tEGFB+IL.jpg,179080,voltage,36.0 volt
https://m.media-amazon.com/images/I/71tkIho6YCL.jpg,752266,voltage,120.0 volt
https://m.media-amazon.com/images/I/81KKNoqWYiL.jpg,752266,wattage,200.0 watt
https://m.media-amazon.com/images/I/81CQ-EU751L.jpg,709627,voltage,7.2 volt
https://m.media-amazon.com/images/I/71RGrqyyKaL.jpg,746096,wattage,2.0 watt
https://m.media-amazon.com/images/I/41DQn-kXdqL.jpg,271537,voltage,1100.0 volt
https://m.media-amazon.com/images/I/51Ue20ApRUL.jpg,318770,wattage,10.0 watt
https://m.media-amazon.com/images/I/61BGKRq2UyL.jpg,318770,wattage,18.0 watt
https://m.media-amazon.com/images/I/41E-k35LktL.jpg,709627,voltage,44.0 volt
https://m.media-amazon.com/images/I/81+iAupvT+L.jpg,271537,voltage,12.0 volt
https://m.media-amazon.com/images/I/510SkwWArmL.jpg,709627,voltage,3.8 volt
https://m.media-amazon.com/images/I/71FPt2LMNxL.jpg,501250,voltage,"[220.0, 240.0] volt"
https://m.media-amazon.com/images/I/61TWh2GaKtL.jpg,752266,wattage,10.0 watt
https://m.media-amazon.com/images/I/71hcT3arKZL.jpg,752266,wattage,7.8 watt
https://m.media-amazon.com/images/I/618AJ8ENMnL.jpg,752266,wattage,1.0 watt
https://m.media-amazon.com/images/I/71WOgrySrML.jpg,318770,wattage,1.0 kilowatt
https://m.media-amazon.com/images/I/61E8QDpiplL.jpg,276700,wattage,96.0 watt
https://m.media-amazon.com/images/I/71Nx9qHRS+L.jpg,186035,voltage,24.0 volt
https://m.media-amazon.com/images/I/51OjFChObyL.jpg,752266,voltage,"[110.0, 120.0] volt"
https://m.media-amazon.com/images/I/71NfUYgSwrL.jpg,124643,wattage,15.0 watt
https://m.media-amazon.com/images/I/6157SQdIc7L.jpg,997176,wattage,300.0 watt
https://m.media-amazon.com/images/I/61y1HD+ktPL.jpg,318770,wattage,300.0 watt
https://m.media-amazon.com/images/I/61Yp31xJZsL.jpg,746096,voltage,23.0 volt
https://m.media-amazon.com/images/I/81+eBiaLboL.jpg,641642,wattage,24.0 watt
https://m.media-amazon.com/images/I/71VgvOCSPQL.jpg,318770,wattage,100.0 watt
https://m.media-amazon.com/images/I/31J6SLnlQ1L.jpg,752266,voltage,5.0 volt
https://m.media-amazon.com/images/I/61waptF1uqL.jpg,318770,wattage,10.0 watt
https://m.media-amazon.com/images/I/61RSTcQuLkL.jpg,318770,wattage,240.0 watt
https://m.media-amazon.com/images/I/6136+JHkX-L.jpg,983323,voltage,12.0 volt
https://m.media-amazon.com/images/I/61nEJKlq+sL.jpg,271537,voltage,12.0 volt
https://m.media-amazon.com/images/I/61QBZoOfKoL.jpg,407921,wattage,5.0 watt
https://m.media-amazon.com/images/I/81R25D+tQ7L.jpg,179080,voltage,48.0 volt
https://m.media-amazon.com/images/I/61ZNacdEV9L.jpg,709627,voltage,24.0 volt
https://m.media-amazon.com/images/I/81jf6iyiGgL.jpg,752266,voltage,"[85.0, 265.0] volt"
https://m.media-amazon.com/images/I/81ldyzBvl8L.jpg,179080,voltage,48.0 volt
https://m.media-amazon.com/images/I/61A4Q7PjJEL.jpg,752266,wattage,32.0 watt
https://m.media-amazon.com/images/I/71Sxhd9i02L.jpg,983323,wattage,13.0 watt
https://m.media-amazon.com/images/I/61bsCBNrQcL.jpg,318770,wattage,186.0 watt
https://m.media-amazon.com/images/I/61Ei4l7rD4L.jpg,648011,voltage,"[220.0, 240.0] volt"
https://m.media-amazon.com/images/I/61CSVNXeuOL.jpg,271537,voltage,12.0 volt
https://m.media-amazon.com/images/I/6170WsCr8IS.jpg,709627,voltage,3.85 volt
https://m.media-amazon.com/images/I/61cH88JP6zL.jpg,709627,voltage,36.0 volt
https://m.media-amazon.com/images/I/51FDfYo6OFS.jpg,752266,voltage,"[110.0, 240.0] volt"
https://m.media-amazon.com/images/I/816QdETygEL.jpg,746096,voltage,5.0 volt
https://m.media-amazon.com/images/I/51tnTSiNLeL.jpg,709627,voltage,2.0 volt
https://m.media-amazon.com/images/I/71e9LVLrlbL.jpg,318770,wattage,60.0 watt
https://m.media-amazon.com/images/I/71V9BXiJI-L.jpg,648011,voltage,"[85.0, 265.0] volt"
https://m.media-amazon.com/images/I/615OeOr0IRL.jpg,709627,voltage,3.85 volt
https://m.media-amazon.com/images/I/61U1l-hF0ML.jpg,648011,voltage,"[85.0, 265.0] volt"
https://m.media-amazon.com/images/I/71tdL-m3XML.jpg,271537,voltage,20.0 volt
https://m.media-amazon.com/images/I/81uKjDpLdvL.jpg,416664,wattage,0.6 watt
https://m.media-amazon.com/images/I/61HkCfUL3bL.jpg,179080,voltage,36.0 volt
https://m.media-amazon.com/images/I/61XjidL5hTL.jpg,318770,wattage,240.0 watt
https://m.media-amazon.com/images/I/51f2HADG6cL.jpg,412008,wattage,4.0 watt
https://m.media-amazon.com/images/I/71HqEwxk9BL.jpg,271537,voltage,"[220.0, 240.0] volt"
https://m.media-amazon.com/images/I/61wF-+EkgrL.jpg,416664,wattage,60.0 watt
https://m.media-amazon.com/images/I/510JArev6MS.jpg,318770,wattage,200.0 watt
https://m.media-amazon.com/images/I/71GEseFprVL.jpg,179080,wattage,250.0 watt
https://m.media-amazon.com/images/I/81ZQAF7bGXL.jpg,179080,wattage,500.0 watt
https://m.media-amazon.com/images/I/51QEbkxtGlL.jpg,318770,wattage,40.0 watt
https://m.media-amazon.com/images/I/61Bgy-TTyrL.jpg,641642,voltage,12.0 volt
https://m.media-amazon.com/images/I/71MTiCCb1dL.jpg,271537,voltage,120.0 volt
https://m.media-amazon.com/images/I/71fQJu8uexL.jpg,124643,wattage,11.0 watt
https://m.media-amazon.com/images/I/719+Q4W7LxL.jpg,752266,wattage,100.0 watt
https://m.media-amazon.com/images/I/81FcECxqlTL.jpg,271537,voltage,24.0 volt
https://m.media-amazon.com/images/I/41g6xt0HDYL.jpg,709627,voltage,8.0 volt
https://m.media-amazon.com/images/I/61hn-jaXrFL.jpg,186035,voltage,250.0 volt
https://m.media-amazon.com/images/I/51DDVSuhMiL.jpg,648011,voltage,12.0 volt
https://m.media-amazon.com/images/I/71ZHplWIkiL.jpg,752266,wattage,60.0 watt
https://m.media-amazon.com/images/I/71SgDXAyStL.jpg,179080,voltage,36.0 volt
https://m.media-amazon.com/images/I/610LAhm6r9L.jpg,752266,wattage,90.0 watt
https://m.media-amazon.com/images/I/71HrOrHA4BL.jpg,271537,voltage,"[220.0, 240.0] volt"
https://m.media-amazon.com/images/I/61XTMRmWLuL.jpg,318770,wattage,100.0 watt
https://m.media-amazon.com/images/I/61l14ZdSIQL.jpg,892291,wattage,2.3 kilowatt
https://m.media-amazon.com/images/I/61yC46kG1fL.jpg,752266,wattage,20.0 watt
https://m.media-amazon.com/images/I/81WANhH+bdL.jpg,752266,wattage,660.0 watt
https://m.media-amazon.com/images/I/71F4oFR7dYL.jpg,179080,voltage,48.0 volt
https://m.media-amazon.com/images/I/91oBaRj-N8L.jpg,318770,wattage,29.0 watt
https://m.media-amazon.com/images/I/81iPoAmIjUL.jpg,318770,wattage,500.0 watt
https://m.media-amazon.com/images/I/81QERdGBYWL.jpg,752266,wattage,200.0 watt
https://m.media-amazon.com/images/I/41lT-ZFlqNL.jpg,271537,voltage,"[120.0, 127.0] volt"
https://m.media-amazon.com/images/I/61cv-FgxsOL.jpg,709627,voltage,3.85 volt
https://m.media-amazon.com/images/I/71zadZ+jxXL.jpg,140266,voltage,5.0 volt
https://m.media-amazon.com/images/I/21jpeKcd2pL.jpg,709627,voltage,3.2 volt
https://m.media-amazon.com/images/I/61DUMlLYgNL.jpg,416664,wattage,3.0 watt
https://m.media-amazon.com/images/I/810K2N5iVKL.jpg,271537,voltage,230.0 volt
https://m.media-amazon.com/images/I/81X+eVd1qbL.jpg,318770,wattage,60.0 watt
https://m.media-amazon.com/images/I/61T5DSt8DRL.jpg,752266,wattage,200.0 watt
https://m.media-amazon.com/images/I/71Nq9-qCtjL.jpg,752266,wattage,24.0 watt
https://m.media-amazon.com/images/I/717IfeiwSAL.jpg,752266,voltage,"[110.0, 220.0] volt"
https://m.media-amazon.com/images/I/61Brjb9+cCL.jpg,271537,voltage,12.0 volt
https://m.media-amazon.com/images/I/71CsuiByLRL.jpg,709627,voltage,25.9 volt
https://m.media-amazon.com/images/I/61UAbCfLXpL.jpg,752266,wattage,84.0 watt
https://m.media-amazon.com/images/I/81z7j385deL.jpg,641642,voltage,3.7 volt
https://m.media-amazon.com/images/I/71e9C324jfL.jpg,179080,voltage,48.0 volt
https://m.media-amazon.com/images/I/614XnlgX4BL.jpg,752266,voltage,"[85.0, 265.0] volt"
https://m.media-amazon.com/images/I/61LlkEXs0aL.jpg,318770,wattage,85.0 watt
https://m.media-amazon.com/images/I/515ILhG14sL.jpg,709627,voltage,3.85 volt
https://m.media-amazon.com/images/I/516GcSAEVGL.jpg,752266,wattage,3200.0 watt
https://m.media-amazon.com/images/I/71n2Gbk9gzL.jpg,752266,wattage,9.0 watt
https://m.media-amazon.com/images/I/51k7eZr-+uS.jpg,318770,wattage,9.0 watt
https://m.media-amazon.com/images/I/7176bzNyWiL.jpg,271537,voltage,240.0 volt
https://m.media-amazon.com/images/I/41iR-eOhZaL.jpg,416664,wattage,1.0 kilowatt hour
https://m.media-amazon.com/images/I/61Yfrin1scL.jpg,752266,wattage,9.0 watt
https://m.media-amazon.com/images/I/711H2jKQWOL.jpg,318770,wattage,100.0 watt
https://m.media-amazon.com/images/I/61AzQC47ggL.jpg,318770,wattage,65.0 watt
https://m.media-amazon.com/images/I/61JuXXheCQL.jpg,501250,voltage,120.0 volt
https://m.media-amazon.com/images/I/61XO6Y-lUUL.jpg,955292,wattage,1.0 watt
https://m.media-amazon.com/images/I/81cYIj47SPL.jpg,746096,voltage,24.0 volt
https://m.media-amazon.com/images/I/71ARfu2PJoL.jpg,271537,voltage,127.0 volt
https://m.media-amazon.com/images/I/61uEnnqgBjL.jpg,752266,voltage,220.0 volt
https://m.media-amazon.com/images/I/81vp96icWWL.jpg,179080,wattage,317.0 watt
https://m.media-amazon.com/images/I/41HXAarpnHL.jpg,892291,wattage,30.0 watt
https://m.media-amazon.com/images/I/61pV6pISvRL.jpg,892291,wattage,75.0 watt
https://m.media-amazon.com/images/I/81jgSpQ-nnL.jpg,746096,voltage,5.0 volt
https://m.media-amazon.com/images/I/610-TCzly-L.jpg,709627,voltage,18.0 volt
https://m.media-amazon.com/images/I/51MOTjuWAbL.jpg,271537,voltage,"[3.5, 9.0] volt"
https://m.media-amazon.com/images/I/81qQoZSzfwL.jpg,271537,voltage,240.0 volt
https://m.media-amazon.com/images/I/61j8MHHo8ML.jpg,997176,voltage,304.0 volt
https://m.media-amazon.com/images/I/618J7jT6+zL.jpg,179080,wattage,250.0 watt
https://m.media-amazon.com/images/I/51r74OUkfuL.jpg,271537,voltage,"[220.0, 240.0] volt"
https://m.media-amazon.com/images/I/8164dXsheRL.jpg,179080,wattage,250.0 watt
https://m.media-amazon.com/images/I/71SmYaezjYL.jpg,416664,wattage,50.0 watt
https://m.media-amazon.com/images/I/815hOE9tKsL.jpg,648011,voltage,40.0 volt
https://m.media-amazon.com/images/I/71TAsubeeLL.jpg,746096,wattage,125.0 watt
https://m.media-amazon.com/images/I/71L5EqOAv2L.jpg,860821,voltage,12.0 volt
https://m.media-amazon.com/images/I/71taGH3-nmL.jpg,983323,voltage,5.0 volt
https://m.media-amazon.com/images/I/71Pcab2ExmL.jpg,752266,wattage,28.0 watt
https://m.media-amazon.com/images/I/61UuPBotgzL.jpg,271537,voltage,12.0 volt
https://m.media-amazon.com/images/I/71T5o42FfhL.jpg,892291,wattage,60.0 watt
https://m.media-amazon.com/images/I/71EjrpIW5eL.jpg,318770,wattage,100.0 watt
https://m.media-amazon.com/images/I/71auLW+WYwL.jpg,179080,voltage,36.0 volt
https://m.media-amazon.com/images/I/617XMrSw1oL.jpg,709627,voltage,10.8 volt
https://m.media-amazon.com/images/I/81fHow-sxCL.jpg,318770,wattage,65.0 watt
https://m.media-amazon.com/images/I/71LFTSQHivL.jpg,635528,voltage,5.0 volt
https://m.media-amazon.com/images/I/81EXoxZi-JL.jpg,641642,voltage,4.5 volt
https://m.media-amazon.com/images/I/71qYd+gKiOL.jpg,955292,wattage,3.0 watt
https://m.media-amazon.com/images/I/71Joo-Jh-gL.jpg,412008,wattage,5.0 watt
https://m.media-amazon.com/images/I/715lIIqUFKL.jpg,746096,voltage,240.0 volt
https://m.media-amazon.com/images/I/81mgd3SD0uL.jpg,752266,wattage,50.0 watt
https://m.media-amazon.com/images/I/61Ko8nOMRJL.jpg,501250,voltage,240.0 volt
https://m.media-amazon.com/images/I/51L5dBzaYrL.jpg,752266,wattage,7.0 watt
https://m.media-amazon.com/images/I/51JRbKd1sCL.jpg,752266,voltage,"[85.0, 265.0] volt"
https://m.media-amazon.com/images/I/51jWD480cVL.jpg,752266,wattage,24.0 watt
https://m.media-amazon.com/images/I/71JkI-gnL2L.jpg,271537,voltage,220.0 volt
https://m.media-amazon.com/images/I/61sxmXxFWDL.jpg,752266,wattage,300.0 watt
https://m.media-amazon.com/images/I/61n5IUVAfNL.jpg,140266,voltage,12.0 volt
https://m.media-amazon.com/images/I/613HLNajiDL.jpg,318770,wattage,20.0 watt
https://m.media-amazon.com/images/I/71EiEp0ZQWS.jpg,140266,voltage,"[110.0, 130.0] volt"
https://m.media-amazon.com/images/I/91R+3Tr-fuS.jpg,318770,wattage,180.0 watt
https://m.media-amazon.com/images/I/81L+SXJQ1pL.jpg,501250,voltage,240.0 volt
https://m.media-amazon.com/images/I/51l4FD5GaEL.jpg,318770,wattage,18.0 watt
https://m.media-amazon.com/images/I/81akRjYOWvL.jpg,179080,wattage,750.0 watt
https://m.media-amazon.com/images/I/41k8y+9v61L.jpg,709627,voltage,3.85 volt
https://m.media-amazon.com/images/I/51EnAt87WQL.jpg,709627,voltage,44.0 volt
https://m.media-amazon.com/images/I/71-2+V9IIZL.jpg,318770,wattage,240.0 watt
https://m.media-amazon.com/images/I/71W2SpjL9FL.jpg,752266,wattage,4.5 watt
https://m.media-amazon.com/images/I/61aTJmP8vpL.jpg,752266,voltage,"[110.0, 120.0] volt"
https://m.media-amazon.com/images/I/61Thf-gObgL.jpg,179080,wattage,1400.0 watt
https://m.media-amazon.com/images/I/619ZvagWTPS.jpg,267182,voltage,12.0 volt
https://m.media-amazon.com/images/I/51iGgM3ndXL.jpg,641642,voltage,12.0 volt
https://m.media-amazon.com/images/I/71vJtbCDXQL.jpg,752266,voltage,"[110.0, 130.0] volt"
https://m.media-amazon.com/images/I/71UqJKjqp+L.jpg,271537,voltage,12.0 volt
https://m.media-amazon.com/images/I/71-RCxmx8jL.jpg,412008,wattage,2400.0 watt
https://m.media-amazon.com/images/I/61y69XGnkfL.jpg,752266,voltage,"[110.0, 240.0] volt"
https://m.media-amazon.com/images/I/61wtJQfnmtL.jpg,648011,voltage,120.0 volt
https://m.media-amazon.com/images/I/61aFtjfnxKL.jpg,983323,wattage,2.16 watt
https://m.media-amazon.com/images/I/71u-CmBkPoL.jpg,752266,wattage,300.0 watt
https://m.media-amazon.com/images/I/612PfArM8AL.jpg,179080,wattage,250.0 watt
https://m.media-amazon.com/images/I/711nbghVvNL.jpg,416664,wattage,10.0 watt
https://m.media-amazon.com/images/I/71cMjp+CgOL.jpg,752266,voltage,"[220.0, 240.0] volt"
https://m.media-amazon.com/images/I/616eON5j+wL.jpg,752266,wattage,1080.0 horsepower
https://m.media-amazon.com/images/I/61dMyMY2NaL.jpg,752266,wattage,96.0 watt
https://m.media-amazon.com/images/I/71ZekgdvouL.jpg,641642,voltage,1.5 volt
https://m.media-amazon.com/images/I/61zUgC651aL.jpg,752266,wattage,100.0 watt
https://m.media-amazon.com/images/I/61C2sI2BZbL.jpg,709627,voltage,14.8 volt
https://m.media-amazon.com/images/I/71SuNO+qglL.jpg,179080,voltage,48.0 volt
https://m.media-amazon.com/images/I/71TAgYkddSL.jpg,179080,voltage,48.0 volt
https://m.media-amazon.com/images/I/71IWzLFgyiL.jpg,271537,voltage,12.0 volt
https://m.media-amazon.com/images/I/71aOoLkIFZL.jpg,271537,voltage,12.0 volt
https://m.media-amazon.com/images/I/41l4hua3YpL.jpg,271537,voltage,12.0 volt
https://m.media-amazon.com/images/I/71sXTtpg0DL.jpg,318770,wattage,18.0 watt
https://m.media-amazon.com/images/I/819pyNXYUpL.jpg,752266,voltage,"[85.0, 265.0] volt"
https://m.media-amazon.com/images/I/71zHY15DTOL.jpg,124643,wattage,160.0 watt
https://m.media-amazon.com/images/I/61SlTye5oFL.jpg,318770,wattage,20.0 watt
https://m.media-amazon.com/images/I/61QeKW5yBJL.jpg,318770,wattage,18.0 watt
https://m.media-amazon.com/images/I/81r4IgScZhL.jpg,124643,wattage,2.75 watt
https://m.media-amazon.com/images/I/61AgCbSK+IL.jpg,641642,voltage,24.0 volt
https://m.media-amazon.com/images/I/616mZ9qLkVL.jpg,752266,voltage,220.0 volt
https://m.media-amazon.com/images/I/51fbETGikNL.jpg,648011,voltage,360.0 volt
https://m.media-amazon.com/images/I/61qG0zNtBhL.jpg,752266,wattage,60.0 watt
https://m.media-amazon.com/images/I/81Lm4BlOirL.jpg,752266,voltage,6.0 volt
https://m.media-amazon.com/images/I/51r9aUgnhvL.jpg,271537,voltage,127.0 volt
https://m.media-amazon.com/images/I/61fq6pwBHXS.jpg,318770,wattage,100.0 watt
https://m.media-amazon.com/images/I/61jXVDzEl2L.jpg,271537,voltage,120.0 volt
https://m.media-amazon.com/images/I/519X2zcoHxL.jpg,752266,voltage,"[110.0, 265.0] volt"
https://m.media-amazon.com/images/I/51ryJs6iHEL.jpg,752266,wattage,30.0 watt
https://m.media-amazon.com/images/I/71zTX-pihfL.jpg,892291,wattage,15.0 watt
https://m.media-amazon.com/images/I/81IB5gp9TaL.jpg,271537,voltage,115.0 volt
https://m.media-amazon.com/images/I/71B2Ip6JVTL.jpg,318770,wattage,100.0 watt
https://m.media-amazon.com/images/I/61zbxu6zdgL.jpg,641642,voltage,12.0 volt
https://m.media-amazon.com/images/I/81MuYzZX+-L.jpg,179080,voltage,48.0 volt
https://m.media-amazon.com/images/I/71H2pdM-sNL.jpg,179080,voltage,36.0 volt
https://m.media-amazon.com/images/I/71+-tiX85kL.jpg,752266,wattage,2.0 watt
https://m.media-amazon.com/images/I/81kuij0Dk8L.jpg,179080,wattage,350.0 watt
https://m.media-amazon.com/images/I/61RglJh97UL.jpg,752266,wattage,60.0 watt
https://m.media-amazon.com/images/I/613t25kIxZL.jpg,709627,voltage,3.85 volt
https://m.media-amazon.com/images/I/91aEWKYtVKL.jpg,641642,voltage,120.0 volt
https://m.media-amazon.com/images/I/71lB+DR0eVL.jpg,318770,wattage,60.0 watt
https://m.media-amazon.com/images/I/815p+ve2DlL.jpg,648011,voltage,"[220.0, 240.0] volt"
https://m.media-amazon.com/images/I/81IJaguoe6L.jpg,709627,voltage,3.82 volt
https://m.media-amazon.com/images/I/71u-CiPGMOL.jpg,271537,voltage,24.0 volt
https://m.media-amazon.com/images/I/61FPTggRCwL.jpg,318770,wattage,27.0 watt
https://m.media-amazon.com/images/I/71oLBO3l0dL.jpg,318770,wattage,60.0 watt
https://m.media-amazon.com/images/I/61VuW5TNxtL.jpg,983323,voltage,12.0 volt
https://m.media-amazon.com/images/I/61nRFifVTWL.jpg,752266,wattage,100.0 watt
https://m.media-amazon.com/images/I/71xoI9ldViL.jpg,641642,voltage,12.0 volt
https://m.media-amazon.com/images/I/81CH4eW3R2L.jpg,318770,wattage,27.0 watt
https://m.media-amazon.com/images/I/51QHcspOYBL.jpg,892291,wattage,0.0 watt
https://m.media-amazon.com/images/I/61ND6Vkl-IL.jpg,641642,voltage,29.0 volt
https://m.media-amazon.com/images/I/71Mb3BFKIBL.jpg,860821,wattage,40.0 watt
https://m.media-amazon.com/images/I/81j47PvUqLL.jpg,271537,voltage,110.0 volt
https://m.media-amazon.com/images/I/61Kc9TTCueL.jpg,983323,wattage,3.0 watt
https://m.media-amazon.com/images/I/81DcUICFWlL.jpg,983323,wattage,8.0 watt
https://m.media-amazon.com/images/I/71NZBNL2b1L.jpg,648011,voltage,240.0 volt
https://m.media-amazon.com/images/I/914ZkberM2L.jpg,752266,wattage,60.0 watt
https://m.media-amazon.com/images/I/71aMjrJe5rL.jpg,267182,voltage,115.0 volt
https://m.media-amazon.com/images/I/71lbNO+YDWL.jpg,271537,voltage,230.0 volt
https://m.media-amazon.com/images/I/619IvbyNXbL.jpg,752266,wattage,3.0 watt
https://m.media-amazon.com/images/I/415GuuTSmiL.jpg,709627,voltage,12.0 volt
https://m.media-amazon.com/images/I/61doTPKHQlL.jpg,709627,voltage,7.4 volt
https://m.media-amazon.com/images/I/71SM04xJe5L.jpg,752266,wattage,20.0 watt
https://m.media-amazon.com/images/I/61QxMic31SL.jpg,752266,voltage,1.2 volt
https://m.media-amazon.com/images/I/61N9N9UOz0L.jpg,983323,wattage,6.24 watt
https://m.media-amazon.com/images/I/41mZqH+pJpL.jpg,271537,voltage,24.0 volt
https://m.media-amazon.com/images/I/711T5P1civL.jpg,752266,wattage,150.0 watt
https://m.media-amazon.com/images/I/81ymN+iR2-L.jpg,709627,voltage,11.1 volt
https://m.media-amazon.com/images/I/61o1qK+MJqL.jpg,860821,voltage,250.0 volt
https://m.media-amazon.com/images/I/71kTUygfGhL.jpg,648011,voltage,120.0 volt
https://m.media-amazon.com/images/I/81Xnw1MhciL.jpg,140266,voltage,"[220.0, 240.0] volt"
https://m.media-amazon.com/images/I/61LixGnkH0L.jpg,752266,voltage,130.0 volt
https://m.media-amazon.com/images/I/71J-V16kyeL.jpg,746096,wattage,11.2 watt
https://m.media-amazon.com/images/I/7149eSphtvL.jpg,271537,voltage,"[220.0, 240.0] volt"
https://m.media-amazon.com/images/I/51LuwLoUVbL.jpg,709627,voltage,11.1 volt
https://m.media-amazon.com/images/I/51HOTQZ725L.jpg,318770,wattage,20.0 watt
https://m.media-amazon.com/images/I/61FxFNQMiHS.jpg,271537,voltage,"[220.0, 240.0] volt"
https://m.media-amazon.com/images/I/81fYO+HP5QL.jpg,186035,voltage,0.5 volt
https://m.media-amazon.com/images/I/61sPip-ANTL.jpg,983323,voltage,94.0 volt
https://m.media-amazon.com/images/I/614rRrCKh-L.jpg,501250,voltage,"[220.0, 240.0] volt"
https://m.media-amazon.com/images/I/81xLHkWhASL.jpg,179080,voltage,36.0 volt
https://m.media-amazon.com/images/I/61ZUGVGJ9LL.jpg,892291,wattage,24.0 watt
https://m.media-amazon.com/images/I/61BquNJxRzS.jpg,318770,wattage,45.0 watt
https://m.media-amazon.com/images/I/71GuJhuk7kL.jpg,179080,wattage,500.0 watt
https://m.media-amazon.com/images/I/61pIaPwmBqL.jpg,641642,voltage,12.0 volt
https://m.media-amazon.com/images/I/71qmBsuFr9L.jpg,641642,voltage,6.0 volt
https://m.media-amazon.com/images/I/61+UE3zO8NL.jpg,752266,voltage,110.0 volt
https://m.media-amazon.com/images/I/71iyCojRyBL.jpg,860821,voltage,5.0 volt
https://m.media-amazon.com/images/I/81Frdb58n4L.jpg,709627,voltage,7.2 volt
https://m.media-amazon.com/images/I/715g63R9UqL.jpg,752266,voltage,230.0 volt
https://m.media-amazon.com/images/I/81JfyDudonL.jpg,648011,voltage,120.0 volt
https://m.media-amazon.com/images/I/71pajI0nt3L.jpg,271537,voltage,21.0 volt
https://m.media-amazon.com/images/I/71wt5PjF6rL.jpg,179080,wattage,750.0 watt
https://m.media-amazon.com/images/I/51ac4vlv2tL.jpg,641642,voltage,12.0 volt
https://m.media-amazon.com/images/I/514PL+zxqVL.jpg,318770,wattage,60.0 watt
https://m.media-amazon.com/images/I/61fxjHkuAJL.jpg,318770,wattage,19.0 watt
https://m.media-amazon.com/images/I/81Doc63aJZL.jpg,271537,voltage,"[110.0, 120.0] volt"
https://m.media-amazon.com/images/I/61IasPKdUUL.jpg,271537,voltage,7.4 volt
https://m.media-amazon.com/images/I/51byCfc2HXL.jpg,752266,voltage,1.2 volt
https://m.media-amazon.com/images/I/71-rii23JML.jpg,648011,voltage,120.0 volt
https://m.media-amazon.com/images/I/71LNNiOoj9L.jpg,179080,voltage,48.0 volt
https://m.media-amazon.com/images/I/611iTSp4RpL.jpg,752266,voltage,120.0 volt
https://m.media-amazon.com/images/I/61Y8jc2CnxL.jpg,525429,wattage,1916.0 watt
https://m.media-amazon.com/images/I/71R6r+dkJrL.jpg,752266,voltage,110.0 volt
https://m.media-amazon.com/images/I/51wYbRn-zEL.jpg,641642,voltage,24.0 volt
https://m.media-amazon.com/images/I/71asZTuHvLL.jpg,752266,wattage,60.0 watt
https://m.media-amazon.com/images/I/91Z8sSR0XxL.jpg,752266,voltage,"[0.0, 10.0] volt"
https://m.media-amazon.com/images/I/71jxRZT9t3L.jpg,318770,wattage,60.0 watt
https://m.media-amazon.com/images/I/61PNs13AagS.jpg,318770,wattage,100.0 watt
https://m.media-amazon.com/images/I/714QHsLK2kL.jpg,416664,wattage,48.0 watt
https://m.media-amazon.com/images/I/71qeWP1PkGL.jpg,179080,wattage,750.0 watt
https://m.media-amazon.com/images/I/618nZ9R+fAL.jpg,709627,voltage,3.85 volt
https://m.media-amazon.com/images/I/919GskB6bHS.jpg,318770,wattage,4320.0 horsepower
https://m.media-amazon.com/images/I/81FyGgyQ4qL.jpg,179080,voltage,36.0 volt
https://m.media-amazon.com/images/I/71xCvpxU2cL.jpg,892291,wattage,29.0 watt
https://m.media-amazon.com/images/I/71vPjA72SgL.jpg,179080,voltage,48.0 volt
https://m.media-amazon.com/images/I/61Ulbbhjv9L.jpg,752266,wattage,180.0 watt
https://m.media-amazon.com/images/I/81LuXUGOPPL.jpg,318770,wattage,1080.0 horsepower
https://m.media-amazon.com/images/I/617NoKlVbgL.jpg,648011,voltage,"[85.0, 265.0] volt"
https://m.media-amazon.com/images/I/51zxpqgMNAL.jpg,892291,wattage,67.0 watt
https://m.media-amazon.com/images/I/71gfEYi1vDL.jpg,416664,wattage,1.5 watt
https://m.media-amazon.com/images/I/61B1KHRzpRL.jpg,318770,wattage,66.0 watt
https://m.media-amazon.com/images/I/71JK6TeB5uL.jpg,892291,wattage,7.211 kilowatt
https://m.media-amazon.com/images/I/617wAAwjD8L.jpg,752266,wattage,20.0 watt
https://m.media-amazon.com/images/I/81U0y2fc9sL.jpg,318770,wattage,100.0 watt
https://m.media-amazon.com/images/I/6143mnlsjfL.jpg,983323,wattage,2.16 watt
https://m.media-amazon.com/images/I/71wZkOqLFOL.jpg,318770,wattage,45.0 watt
https://m.media-amazon.com/images/I/618b4XxNFEL.jpg,648011,voltage,"[220.0, 240.0] volt"
https://m.media-amazon.com/images/I/51eRuJoeS8L.jpg,709627,voltage,2.0 volt
https://m.media-amazon.com/images/I/71xkNe6yyiL.jpg,416664,wattage,1.0 watt
https://m.media-amazon.com/images/I/61p2uMgViaL.jpg,318770,wattage,120.0 watt
https://m.media-amazon.com/images/I/81FtR4mAIfL.jpg,709627,voltage,3.85 volt
https://m.media-amazon.com/images/I/71hGt31perL.jpg,752266,wattage,400.0 watt
https://m.media-amazon.com/images/I/51zpnUY4IfL.jpg,752266,voltage,240.0 volt
https://m.media-amazon.com/images/I/81I75yv+9eL.jpg,952353,voltage,240.0 volt
https://m.media-amazon.com/images/I/71F8YozZTdL.jpg,179080,voltage,48.0 volt
https://m.media-amazon.com/images/I/619l2HbqKBL.jpg,752266,wattage,60.0 watt
https://m.media-amazon.com/images/I/81ct20lY1YL.jpg,883833,wattage,2600.0 watt
https://m.media-amazon.com/images/I/91EN2UhWRQL.jpg,648011,voltage,5.0 volt
https://m.media-amazon.com/images/I/71Cuor5qQrL.jpg,641642,voltage,24.0 volt
https://m.media-amazon.com/images/I/51lsExwWsqL.jpg,709627,voltage,3.82 volt
https://m.media-amazon.com/images/I/51gu8i0oueL.jpg,752266,wattage,30.0 watt
https://m.media-amazon.com/images/I/51iBuCoo8ML.jpg,271537,voltage,230.0 volt
https://m.media-amazon.com/images/I/71x0Y8v+3rL.jpg,709627,voltage,3.7 volt
https://m.media-amazon.com/images/I/61IhK9+UD8L.jpg,318770,wattage,60.0 watt
https://m.media-amazon.com/images/I/41erAbukBAL.jpg,752266,voltage,220.0 volt
https://m.media-amazon.com/images/I/710KZnNGEBL.jpg,648011,voltage,"[100.0, 240.0] volt"
https://m.media-amazon.com/images/I/71YTSGMXtAL.jpg,186035,voltage,24.0 volt
https://m.media-amazon.com/images/I/61Y3UcorJpL.jpg,318770,wattage,60.0 watt
https://m.media-amazon.com/images/I/61OFOydx2zL.jpg,752266,voltage,230.0 volt
https://m.media-amazon.com/images/I/71H8dR2mLOL.jpg,648011,voltage,277.0 volt
https://m.media-amazon.com/images/I/61Uswp+FG8L.jpg,860821,voltage,5.0 volt
https://m.media-amazon.com/images/I/71cBiQxu40L.jpg,501250,voltage,125.0 volt
https://m.media-amazon.com/images/I/61L7kybykJL.jpg,140266,voltage,12.0 volt
https://m.media-amazon.com/images/I/61rg8ykTNlL.jpg,318770,wattage,240.0 watt
https://m.media-amazon.com/images/I/71TxFnMZRcL.jpg,501250,voltage,120.0 volt
https://m.media-amazon.com/images/I/61szVK0EX-L.jpg,271537,voltage,24.0 volt
https://m.media-amazon.com/images/I/61vgBpevYvL.jpg,709627,voltage,3.8 volt
https://m.media-amazon.com/images/I/71Mc7OvamaL.jpg,752266,voltage,120.0 volt
https://m.media-amazon.com/images/I/61iwI9twhOL.jpg,955292,wattage,0.75 watt
https://m.media-amazon.com/images/I/717ZJwtm24L.jpg,955292,wattage,100.0 watt
https://m.media-amazon.com/images/I/71jtMr9qUyS.jpg,709627,voltage,3.85 volt
https://m.media-amazon.com/images/I/71HDJt5lt1L.jpg,648011,voltage,120.0 volt
https://m.media-amazon.com/images/I/81sFDVkSYDL.jpg,306956,voltage,"[220.0, 240.0] volt"
https://m.media-amazon.com/images/I/51Dg+o7N4YL.jpg,271537,voltage,12.0 volt
https://m.media-amazon.com/images/I/613EA8vQpeL.jpg,860821,wattage,22.0 watt
https://m.media-amazon.com/images/I/81l4nu+uXsL.jpg,179080,wattage,250.0 watt
https://m.media-amazon.com/images/I/61a1b4ytuyL.jpg,752266,wattage,38.0 watt
https://m.media-amazon.com/images/I/71UPMw6Pl7L.jpg,752266,voltage,5.0 volt
https://m.media-amazon.com/images/I/71KdOkign3L.jpg,709627,voltage,7.0 volt
https://m.media-amazon.com/images/I/61v-UDE+rEL.jpg,752266,wattage,50.0 watt
https://m.media-amazon.com/images/I/419iGyOcanL.jpg,709627,voltage,3.82 volt
https://m.media-amazon.com/images/I/61MvvS3VPzL.jpg,318770,wattage,300.0 watt
https://m.media-amazon.com/images/I/51bnIzr1PML.jpg,276700,voltage,"[220.0, 240.0] volt"
https://m.media-amazon.com/images/I/71Hl+3S3TuL.jpg,648011,voltage,120.0 volt
https://m.media-amazon.com/images/I/61ipuw2faaL.jpg,648011,voltage,"[220.0, 240.0] volt"
https://m.media-amazon.com/images/I/71CkBPMOu7S.jpg,641642,voltage,12.0 volt
https://m.media-amazon.com/images/I/611HTZvzV8L.jpg,983323,voltage,212.0 volt
https://m.media-amazon.com/images/I/61ta1CovA1L.jpg,648011,voltage,"[110.0, 120.0] volt"
https://m.media-amazon.com/images/I/61Slx6PX7mL.jpg,752266,voltage,"[85.0, 265.0] volt"
https://m.media-amazon.com/images/I/81IbPWc4qyS.jpg,860821,voltage,115.0 volt
https://m.media-amazon.com/images/I/71PyZLDZUDL.jpg,752266,wattage,28.0 watt
https://m.media-amazon.com/images/I/61G8PRdGeeL.jpg,752266,voltage,12.0 volt
https://m.media-amazon.com/images/I/61iquDdXNjL.jpg,179080,voltage,36.0 volt
https://m.media-amazon.com/images/I/91SCT3-+FNL.jpg,752266,wattage,40.0 watt
https://m.media-amazon.com/images/I/618q6v7BHsL.jpg,709627,voltage,7.38 volt
https://m.media-amazon.com/images/I/711Qk25hWKL.jpg,746096,voltage,5.0 volt
https://m.media-amazon.com/images/I/61nEhZPIlhL.jpg,179080,wattage,500.0 watt
https://m.media-amazon.com/images/I/61mrzgu3MjL.jpg,752266,voltage,250.0 volt
https://m.media-amazon.com/images/I/71Qrv5Yzf1L.jpg,318770,wattage,1080.0 horsepower
https://m.media-amazon.com/images/I/71n-LZbAPXL.jpg,746096,wattage,0.1 watt
https://m.media-amazon.com/images/I/61dC4SpYB+L.jpg,752266,voltage,"[85.0, 265.0] volt"
https://m.media-amazon.com/images/I/61QYR1Z1dJL.jpg,318770,wattage,60.0 watt
https://m.media-amazon.com/images/I/71NLW1jvJML.jpg,641642,voltage,5.0 volt
https://m.media-amazon.com/images/I/613HC+82zEL.jpg,752266,voltage,"[220.0, 240.0] volt"
https://m.media-amazon.com/images/I/61QjQHbfOeL.jpg,752266,voltage,"[85.0, 265.0] volt"
https://m.media-amazon.com/images/I/710eO+itYiL.jpg,641642,voltage,12.0 volt
https://m.media-amazon.com/images/I/71I3f1Q94lL.jpg,752266,voltage,20.0 volt
https://m.media-amazon.com/images/I/81nRJ1b3e0L.jpg,271537,voltage,500.0 volt
https://m.media-amazon.com/images/I/41batKa+BkL.jpg,641642,wattage,0.06 watt
https://m.media-amazon.com/images/I/71OvkFobjTS.jpg,318770,wattage,18.0 watt
https://m.media-amazon.com/images/I/51--yLkmhSL.jpg,140266,voltage,"[90.0, 240.0] volt"
https://m.media-amazon.com/images/I/812hyiu91ZL.jpg,709627,voltage,3.85 volt
https://m.media-amazon.com/images/I/81cRMjBMUFL.jpg,179080,wattage,350.0 watt
https://m.media-amazon.com/images/I/51FdIwZ5WVL.jpg,271537,voltage,"[220.0, 240.0] volt"
https://m.media-amazon.com/images/I/71CThFGIE8L.jpg,501250,voltage,"[110.0, 220.0] volt"
https://m.media-amazon.com/images/I/81i6kvQE4RL.jpg,746096,voltage,5.0 volt
https://m.media-amazon.com/images/I/715Fo+3iNzL.jpg,983323,voltage,220.0 volt
https://m.media-amazon.com/images/I/61F2u1RDK3L.jpg,709627,voltage,48.0 volt
https://m.media-amazon.com/images/I/71ijNt1AvYL.jpg,140266,voltage,5.0 volt
https://m.media-amazon.com/images/I/71jce62M3sL.jpg,641642,wattage,0.2 watt
https://m.media-amazon.com/images/I/61R6sdETX9L.jpg,752266,wattage,60.0 watt
https://m.media-amazon.com/images/I/81yb+1-PD0L.jpg,709627,voltage,20.0 volt
https://m.media-amazon.com/images/I/71RL8d9WPEL.jpg,179080,voltage,48.0 volt
https://m.media-amazon.com/images/I/61cIaOgvJuL.jpg,271537,voltage,110.0 volt
https://m.media-amazon.com/images/I/510R3IALWrL.jpg,648011,voltage,"[120.0, 130.0] volt"
https://m.media-amazon.com/images/I/71gE2Ng77jL.jpg,641642,voltage,1.2 volt
https://m.media-amazon.com/images/I/61+jq1bQG9L.jpg,179080,voltage,48.0 volt
https://m.media-amazon.com/images/I/71A-47KaORL.jpg,709627,voltage,18.0 volt
https://m.media-amazon.com/images/I/61bcL2fj6DL.jpg,318770,wattage,1080.0 horsepower
https://m.media-amazon.com/images/I/71aBMk3YdnL.jpg,641642,voltage,23.0 volt
https://m.media-amazon.com/images/I/71ge2GF+fRL.jpg,276700,wattage,580.0 watt
https://m.media-amazon.com/images/I/713FM61rbzL.jpg,318770,wattage,100.0 watt
https://m.media-amazon.com/images/I/71A5-Ly1RQL.jpg,271537,voltage,110.0 volt
https://m.media-amazon.com/images/I/71lCGG96eyL.jpg,641642,voltage,24.0 volt
https://m.media-amazon.com/images/I/714v-SutfCS.jpg,860821,wattage,50.0 watt
https://m.media-amazon.com/images/I/819+-CG8lZL.jpg,752266,wattage,60.0 watt
https://m.media-amazon.com/images/I/616xgAf6b7L.jpg,318770,wattage,18.0 watt
https://m.media-amazon.com/images/I/61jFYToXaKS.jpg,648011,voltage,120.0 volt
https://m.media-amazon.com/images/I/71iAi9GsHJL.jpg,318770,wattage,5.0 watt
https://m.media-amazon.com/images/I/61ZxDQqWKHL.jpg,752266,voltage,"[110.0, 130.0] volt"
https://m.media-amazon.com/images/I/61sWk0ruwOL.jpg,752266,voltage,"[160.0, 360.0] volt"
https://m.media-amazon.com/images/I/71wHT8o+oJL.jpg,124643,wattage,110.0 watt
https://m.media-amazon.com/images/I/81G854wKXSL.jpg,271537,voltage,12.0 volt
https://m.media-amazon.com/images/I/51u8vZWJ15L.jpg,709627,voltage,14.8 volt
https://m.media-amazon.com/images/I/71QDOfIbcpL.jpg,983323,voltage,5.0 volt
https://m.media-amazon.com/images/I/81zi7AecvoL.jpg,746096,voltage,5.0 volt
https://m.media-amazon.com/images/I/61b55FWR-CL.jpg,752266,voltage,"[200.0, 240.0] volt"
https://m.media-amazon.com/images/I/51+JhPju83L.jpg,318770,wattage,30.0 watt
https://m.media-amazon.com/images/I/513PRcAX3AL.jpg,648011,voltage,"[220.0, 240.0] volt"
https://m.media-amazon.com/images/I/61wbiKiqLQL.jpg,318770,wattage,5.0 watt
https://m.media-amazon.com/images/I/81xPZ1J0PYL.jpg,752266,voltage,240.0 volt
https://m.media-amazon.com/images/I/71AEoJkEFWL.jpg,179080,voltage,36.0 volt
https://m.media-amazon.com/images/I/71H1gB8nWcL.jpg,983323,voltage,115.0 volt
https://m.media-amazon.com/images/I/71jrYVAjBCL.jpg,752266,wattage,50.0 watt
https://m.media-amazon.com/images/I/71ETtvxtgtL.jpg,271537,voltage,"[220.0, 240.0] volt"
https://m.media-amazon.com/images/I/71aB7JV1r1L.jpg,892291,wattage,2500.0 watt
https://m.media-amazon.com/images/I/71VVPNKXPbL.jpg,635528,voltage,4.5 volt
https://m.media-amazon.com/images/I/71qavwj6rFL.jpg,140266,voltage,5.0 volt
https://m.media-amazon.com/images/I/61oqBXaCvkL.jpg,709627,voltage,4.4 volt
https://m.media-amazon.com/images/I/717ro57D+oL.jpg,860821,wattage,65.0 watt
https://m.media-amazon.com/images/I/315FD4D70VL.jpg,709627,voltage,3.7 volt
https://m.media-amazon.com/images/I/61z2YYaHCzL.jpg,318770,wattage,240.0 watt
https://m.media-amazon.com/images/I/51FIsWBqgkL.jpg,752266,wattage,56.0 watt
https://m.media-amazon.com/images/I/612AFQF2gpL.jpg,140266,voltage,"[220.0, 240.0] volt"
https://m.media-amazon.com/images/I/71FVXApA2xL.jpg,752266,voltage,"[110.0, 120.0] volt"
https://m.media-amazon.com/images/I/717eUPFcuRL.jpg,746096,wattage,14.0 watt
https://m.media-amazon.com/images/I/81HuNOD1LdL.jpg,752266,voltage,6.0 volt
https://m.media-amazon.com/images/I/71dCG4VBVuS.jpg,752266,wattage,60.0 watt
https://m.media-amazon.com/images/I/61+PzFpihBL.jpg,983323,voltage,12.0 volt
https://m.media-amazon.com/images/I/71AZ+-TBg-L.jpg,186035,voltage,"[12.8, 16.5] volt"
https://m.media-amazon.com/images/I/61V-SPx+qiL.jpg,641642,voltage,12.0 volt
https://m.media-amazon.com/images/I/61wLAhp9M6L.jpg,318770,wattage,18.0 watt
https://m.media-amazon.com/images/I/71qWvKLznDL.jpg,752266,wattage,60.0 watt
https://m.media-amazon.com/images/I/61uLOHjLodL.jpg,179080,voltage,48.0 volt
https://m.media-amazon.com/images/I/71m-31azp3L.jpg,752266,wattage,9.0 watt
https://m.media-amazon.com/images/I/81KNq-mR0fL.jpg,983323,voltage,5.0 volt
https://m.media-amazon.com/images/I/712mUhRCZhL.jpg,641642,voltage,12.0 volt
https://m.media-amazon.com/images/I/71Pv3S2E5RL.jpg,752266,wattage,1800.0 watt
https://m.media-amazon.com/images/I/41ZC-ip2oJL.jpg,271537,voltage,"[220.0, 240.0] volt"
https://m.media-amazon.com/images/I/61kMLnhLouL.jpg,416664,wattage,5.0 watt
https://m.media-amazon.com/images/I/714T8mNfgoL.jpg,752266,wattage,50.0 watt
https://m.media-amazon.com/images/I/61FRSipNynL.jpg,318770,wattage,60.0 watt
https://m.media-amazon.com/images/I/71DzdAmxbGL.jpg,318770,wattage,300.0 watt
https://m.media-amazon.com/images/I/71hUih2az5L.jpg,318770,wattage,10.0 watt
https://m.media-amazon.com/images/I/71SUaVvLOoL.jpg,752266,wattage,60.0 watt
https://m.media-amazon.com/images/I/41Z3Bpw5CVL.jpg,709627,voltage,3.8 volt
https://m.media-amazon.com/images/I/61ra6Tk6zQL.jpg,318770,wattage,100.0 watt
https://m.media-amazon.com/images/I/51tlH6xjqEL.jpg,318770,wattage,100.0 watt
https://m.media-amazon.com/images/I/61tD6U1U0dL.jpg,752266,wattage,60.0 watt
https://m.media-amazon.com/images/I/81l9Lg384sL.jpg,179080,voltage,48.0 volt
https://m.media-amazon.com/images/I/61rCVXSnPxL.jpg,318770,wattage,240.0 watt
https://m.media-amazon.com/images/I/81wXktXMnoL.jpg,752266,voltage,230.0 volt
https://m.media-amazon.com/images/I/61nZCFe+bGL.jpg,271537,voltage,"[220.0, 240.0] volt"
https://m.media-amazon.com/images/I/51owqiwRBmL.jpg,140266,voltage,5.0 volt
https://m.media-amazon.com/images/I/715m8WMJ7kL.jpg,752266,wattage,1000.0 watt
https://m.media-amazon.com/images/I/31AkekZsEHS.jpg,752266,voltage,230.0 volt
https://m.media-amazon.com/images/I/611UTQSaZzL.jpg,407921,wattage,4.0 watt
https://m.media-amazon.com/images/I/71CBQEm86TL.jpg,179080,voltage,36.0 volt
https://m.media-amazon.com/images/I/619rwe5jaRL.jpg,752266,wattage,12.0 watt
https://m.media-amazon.com/images/I/61Z5G1qXZ1L.jpg,709627,voltage,25.6 volt
https://m.media-amazon.com/images/I/71jhP6E4+kL.jpg,752266,wattage,100.0 watt
https://m.media-amazon.com/images/I/81svi568p4L.jpg,179080,voltage,36.0 volt
https://m.media-amazon.com/images/I/81ekhz-dQiL.jpg,746096,wattage,16.0 watt
https://m.media-amazon.com/images/I/710zIiBxhrL.jpg,271537,voltage,12.0 volt
https://m.media-amazon.com/images/I/71edJWZ1buL.jpg,179080,voltage,36.0 volt
https://m.media-amazon.com/images/I/61mYyNTe9qL.jpg,501250,voltage,230.0 volt
https://m.media-amazon.com/images/I/81AYr80o7zL.jpg,140266,voltage,5.0 volt
https://m.media-amazon.com/images/I/71GsCRquueL.jpg,648011,wattage,40.0 watt
https://m.media-amazon.com/images/I/618FsfXCUmL.jpg,648011,voltage,"[12.0, 24.0] volt"
https://m.media-amazon.com/images/I/612AYGiUCDL.jpg,983323,voltage,12.0 volt
https://m.media-amazon.com/images/I/61SaVVCkbPL.jpg,648011,wattage,5.0 watt
https://m.media-amazon.com/images/I/71RwY-7LTaL.jpg,752266,voltage,100.0 volt
https://m.media-amazon.com/images/I/41lafHtfTPL.jpg,412008,wattage,15.0 watt
https://m.media-amazon.com/images/I/71oifBFB+rS.jpg,860821,voltage,12.0 volt
https://m.media-amazon.com/images/I/61jyVXDHcPL.jpg,179080,voltage,36.0 volt
https://m.media-amazon.com/images/I/81Es2a3vtvL.jpg,179080,wattage,250.0 watt
https://m.media-amazon.com/images/I/71M6kJ7ya9L.jpg,318770,wattage,240.0 watt
https://m.media-amazon.com/images/I/61-bLro08KL.jpg,709627,voltage,7.4 volt
https://m.media-amazon.com/images/I/71mFOfeu9cL.jpg,641642,voltage,1.5 volt
https://m.media-amazon.com/images/I/61zQG27Y5mL.jpg,318770,wattage,100.0 watt
https://m.media-amazon.com/images/I/71Zcrn-O-cL.jpg,641642,voltage,1.7 volt
https://m.media-amazon.com/images/I/71KCVkT6PfL.jpg,416664,wattage,9.0 watt
https://m.media-amazon.com/images/I/61eGGJPMygL.jpg,752266,wattage,90.0 watt
https://m.media-amazon.com/images/I/61gIwTi7IVL.jpg,648011,voltage,120.0 volt
https://m.media-amazon.com/images/I/71fmaRg8wPL.jpg,860821,voltage,18.0 volt
https://m.media-amazon.com/images/I/51ZrQWZZgEL.jpg,271537,voltage,12.0 volt
https://m.media-amazon.com/images/I/71bu5eTEooL.jpg,752266,voltage,230.0 volt
https://m.media-amazon.com/images/I/7181zsV39JL.jpg,641642,voltage,1.2 volt
https://m.media-amazon.com/images/I/61WtIsjapnL.jpg,752266,wattage,6.0 watt
https://m.media-amazon.com/images/I/61HzVC73p2S.jpg,648011,voltage,120.0 volt
https://m.media-amazon.com/images/I/71zFNmI-jgL.jpg,752266,voltage,4.2 volt
https://m.media-amazon.com/images/I/71vIgwH4eYL.jpg,752266,wattage,40.0 watt
https://m.media-amazon.com/images/I/71qM0J64IWL.jpg,955292,wattage,60.0 watt
https://m.media-amazon.com/images/I/71ksBhteN2L.jpg,752266,voltage,"[220.0, 240.0] volt"
https://m.media-amazon.com/images/I/71KID8PTMsL.jpg,179080,wattage,1000.0 watt
https://m.media-amazon.com/images/I/614yCELlAzL.jpg,648011,voltage,110.0 volt
https://m.media-amazon.com/images/I/51NUnjgQg+L.jpg,318770,wattage,100.0 watt
https://m.media-amazon.com/images/I/61mcWmumhhL.jpg,271537,voltage,12.0 volt
https://m.media-amazon.com/images/I/61s1mc+EQ9L.jpg,752266,wattage,6.0 watt
https://m.media-amazon.com/images/I/61wBaO-MFsL.jpg,271537,voltage,12.0 volt
https://m.media-amazon.com/images/I/81mL7TcElBL.jpg,276700,voltage,20.0 volt
https://m.media-amazon.com/images/I/81m9b2N7GlL.jpg,318770,wattage,100.0 watt
https://m.media-amazon.com/images/I/61-h6vWl7YL.jpg,641642,voltage,24.0 volt
https://m.media-amazon.com/images/I/81FKRIKAXSL.jpg,746096,wattage,26.0 watt
https://m.media-amazon.com/images/I/61KQAGq2snL.jpg,752266,voltage,12.0 volt
https://m.media-amazon.com/images/I/91gm2clsUCL.jpg,648011,wattage,2.0 watt
https://m.media-amazon.com/images/I/71nF6HDiuzL.jpg,752266,wattage,40.0 watt
https://m.media-amazon.com/images/I/81WMa3bcrTL.jpg,179080,voltage,48.0 volt
https://m.media-amazon.com/images/I/61Cbkj-WgWL.jpg,641642,voltage,12.0 volt
https://m.media-amazon.com/images/I/61w4-THSonL.jpg,641642,voltage,120.0 volt
https://m.media-amazon.com/images/I/71I1veVj1HL.jpg,860821,wattage,2.1 watt
https://m.media-amazon.com/images/I/61r1sDzeWQL.jpg,641642,voltage,12.0 volt
https://m.media-amazon.com/images/I/61gEusRqTjL.jpg,752266,wattage,24.0 watt
https://m.media-amazon.com/images/I/51psn9oR2NL.jpg,709627,voltage,48.0 volt
https://m.media-amazon.com/images/I/71Pa2HQbcgL.jpg,179080,voltage,48.0 volt
https://m.media-amazon.com/images/I/61SxIfNT9QL.jpg,752266,voltage,230.0 volt
